,lr,n_est,max_depth,m,score,case,standardize
0,0.1,30.0,5.0,50.0,0.9196611464842779,case1,0.0
1,0.1,30.0,5.0,50.0,0.9201048881250177,case1,1.0
2,0.1,40.0,5.0,50.0,0.9309639661902217,case1,0.0
3,0.1,40.0,5.0,50.0,0.9305411261060079,case1,1.0
4,0.1,50.0,5.0,50.0,0.932533857028079,case1,0.0
5,0.1,50.0,5.0,50.0,0.9327932816349959,case1,1.0
6,0.1,60.0,5.0,50.0,0.9330541613452377,case1,0.0
7,0.1,60.0,5.0,50.0,0.9328986701004605,case1,1.0
8,0.1,70.0,5.0,50.0,0.9383480773874953,case1,0.0
9,0.1,70.0,5.0,50.0,0.9386818023834671,case1,1.0
10,0.3,30.0,5.0,50.0,0.9364071630692544,case1,0.0
11,0.3,30.0,5.0,50.0,0.9371885968951224,case1,1.0
12,0.3,40.0,5.0,50.0,0.9370708213367523,case1,0.0
13,0.3,40.0,5.0,50.0,0.9369738291445888,case1,1.0
14,0.3,50.0,5.0,50.0,0.9401698914591485,case1,0.0
15,0.3,50.0,5.0,50.0,0.9393331484140639,case1,1.0
16,0.3,60.0,5.0,50.0,0.9434698685788868,case1,0.0
17,0.3,60.0,5.0,50.0,0.944209576612758,case1,1.0
18,0.3,70.0,5.0,50.0,0.9404545170458288,case1,0.0
19,0.3,70.0,5.0,50.0,0.9415311156765039,case1,1.0
20,0.5,30.0,5.0,50.0,0.9376334361408004,case1,0.0
21,0.5,30.0,5.0,50.0,0.9357250560476595,case1,1.0
22,0.5,40.0,5.0,50.0,0.939778434425753,case1,0.0
23,0.5,40.0,5.0,50.0,0.9381236136440784,case1,1.0
24,0.5,50.0,5.0,50.0,0.9363614593958257,case1,0.0
25,0.5,50.0,5.0,50.0,0.9374954170455492,case1,1.0
26,0.5,60.0,5.0,50.0,0.9436966574251089,case1,0.0
27,0.5,60.0,5.0,50.0,0.9438456561412046,case1,1.0
28,0.5,70.0,5.0,50.0,0.940038490023254,case1,0.0
29,0.5,70.0,5.0,50.0,0.9404766977109714,case1,1.0
30,0.1,30.0,6.0,50.0,0.9252888332586631,case1,0.0
31,0.1,30.0,6.0,50.0,0.924042165397798,case1,1.0
32,0.1,40.0,6.0,50.0,0.932592493266711,case1,0.0
33,0.1,40.0,6.0,50.0,0.9326705016054664,case1,1.0
34,0.1,50.0,6.0,50.0,0.9431235496831297,case1,0.0
35,0.1,50.0,6.0,50.0,0.9422241998087324,case1,1.0
36,0.1,60.0,6.0,50.0,0.9342291089974818,case1,0.0
37,0.1,60.0,6.0,50.0,0.9343613462731086,case1,1.0
38,0.1,70.0,6.0,50.0,0.9409445135076989,case1,0.0
39,0.1,70.0,6.0,50.0,0.9399303916386662,case1,1.0
40,0.3,30.0,6.0,50.0,0.9348235995112459,case1,0.0
41,0.3,30.0,6.0,50.0,0.935713773244393,case1,1.0
42,0.3,40.0,6.0,50.0,0.9425868632983715,case1,0.0
43,0.3,40.0,6.0,50.0,0.9426134752127899,case1,1.0
44,0.3,50.0,6.0,50.0,0.938318463557698,case1,0.0
45,0.3,50.0,6.0,50.0,0.9406898830595225,case1,1.0
46,0.3,60.0,6.0,50.0,0.9422779170225335,case1,0.0
47,0.3,60.0,6.0,50.0,0.942531836608292,case1,1.0
48,0.3,70.0,6.0,50.0,0.942321601973059,case1,0.0
49,0.3,70.0,6.0,50.0,0.9426894522056163,case1,1.0
50,0.5,30.0,6.0,50.0,0.9337803018136845,case1,0.0
51,0.5,30.0,6.0,50.0,0.9340111175388787,case1,1.0
52,0.5,40.0,6.0,50.0,0.9361775550644976,case1,0.0
53,0.5,40.0,6.0,50.0,0.9375756000739777,case1,1.0
54,0.5,50.0,6.0,50.0,0.9401226936547479,case1,0.0
55,0.5,50.0,6.0,50.0,0.9382925010480699,case1,1.0
56,0.5,60.0,6.0,50.0,0.9384338879330008,case1,0.0
57,0.5,60.0,6.0,50.0,0.9395885332784193,case1,1.0
58,0.5,70.0,6.0,50.0,0.94231889618385,case1,0.0
59,0.5,70.0,6.0,50.0,0.9429139136025102,case1,1.0
60,0.1,30.0,7.0,50.0,0.9252883552033635,case1,0.0
61,0.1,30.0,7.0,50.0,0.9256254052459125,case1,1.0
62,0.1,40.0,7.0,50.0,0.9286267836154923,case1,0.0
63,0.1,40.0,7.0,50.0,0.9279574457888895,case1,1.0
64,0.1,50.0,7.0,50.0,0.9357575480700712,case1,0.0
65,0.1,50.0,7.0,50.0,0.9359115717432104,case1,1.0
66,0.1,60.0,7.0,50.0,0.9290828262002044,case1,0.0
67,0.1,60.0,7.0,50.0,0.9285340798178886,case1,1.0
68,0.1,70.0,7.0,50.0,0.9370344268572319,case1,0.0
69,0.1,70.0,7.0,50.0,0.9363006615222245,case1,1.0
70,0.3,30.0,7.0,50.0,0.9350200662816807,case1,0.0
71,0.3,30.0,7.0,50.0,0.9374044981908243,case1,1.0
72,0.3,40.0,7.0,50.0,0.9360064518376614,case1,0.0
73,0.3,40.0,7.0,50.0,0.9374640117686672,case1,1.0
74,0.3,50.0,7.0,50.0,0.9355690008402305,case1,0.0
75,0.3,50.0,7.0,50.0,0.9339477063584626,case1,1.0
76,0.3,60.0,7.0,50.0,0.9406284921759829,case1,0.0
77,0.3,60.0,7.0,50.0,0.9398395729713872,case1,1.0
78,0.3,70.0,7.0,50.0,0.9441308358424749,case1,0.0
79,0.3,70.0,7.0,50.0,0.9455420648628305,case1,1.0
80,0.5,30.0,7.0,50.0,0.9365809329049171,case1,0.0
81,0.5,30.0,7.0,50.0,0.9336137912880117,case1,1.0
82,0.5,40.0,7.0,50.0,0.9364324692062127,case1,0.0
83,0.5,40.0,7.0,50.0,0.9338989282191668,case1,1.0
84,0.5,50.0,7.0,50.0,0.9419217582858739,case1,0.0
85,0.5,50.0,7.0,50.0,0.9411547278513588,case1,1.0
86,0.5,60.0,7.0,50.0,0.9388307847056232,case1,0.0
87,0.5,60.0,7.0,50.0,0.9400342327088502,case1,1.0
88,0.5,70.0,7.0,50.0,0.9381922436861447,case1,0.0
89,0.5,70.0,7.0,50.0,0.9401284422846796,case1,1.0
90,0.1,30.0,5.0,60.0,0.9246177502848285,case2,0.0
91,0.1,30.0,5.0,60.0,0.9241605049413163,case2,1.0
92,0.1,40.0,5.0,60.0,0.9303782209546375,case2,0.0
93,0.1,40.0,5.0,60.0,0.9286959462656194,case2,1.0
94,0.1,50.0,5.0,60.0,0.9364054614473286,case2,0.0
95,0.1,50.0,5.0,60.0,0.9364168413623839,case2,1.0
96,0.1,60.0,5.0,60.0,0.9423956278904045,case2,0.0
97,0.1,60.0,5.0,60.0,0.9430630406850685,case2,1.0
98,0.1,70.0,5.0,60.0,0.9431691520726776,case2,0.0
99,0.1,70.0,5.0,60.0,0.9425433046410328,case2,1.0
100,0.3,30.0,5.0,60.0,0.9423999455621775,case2,0.0
101,0.3,30.0,5.0,60.0,0.939886120325577,case2,1.0
102,0.3,40.0,5.0,60.0,0.9467151593017809,case2,0.0
103,0.3,40.0,5.0,60.0,0.9468601079358303,case2,1.0
104,0.3,50.0,5.0,60.0,0.9465446700759801,case2,0.0
105,0.3,50.0,5.0,60.0,0.9455440305934995,case2,1.0
106,0.3,60.0,5.0,60.0,0.9474651717290767,case2,0.0
107,0.3,60.0,5.0,60.0,0.9473745818624264,case2,1.0
108,0.3,70.0,5.0,60.0,0.947205035073295,case2,0.0
109,0.3,70.0,5.0,60.0,0.9481062216744853,case2,1.0
110,0.5,30.0,5.0,60.0,0.9395028036973894,case2,0.0
111,0.5,30.0,5.0,60.0,0.9387750868456036,case2,1.0
112,0.5,40.0,5.0,60.0,0.9412282826582773,case2,0.0
113,0.5,40.0,5.0,60.0,0.9410542252522696,case2,1.0
114,0.5,50.0,5.0,60.0,0.9444923600434312,case2,0.0
115,0.5,50.0,5.0,60.0,0.9438243218027018,case2,1.0
116,0.5,60.0,5.0,60.0,0.9472645179098407,case2,0.0
117,0.5,60.0,5.0,60.0,0.9480134318535807,case2,1.0
118,0.5,70.0,5.0,60.0,0.9467031572431497,case2,0.0
119,0.5,70.0,5.0,60.0,0.9476773446648824,case2,1.0
120,0.1,30.0,6.0,60.0,0.9261687898049382,case2,0.0
121,0.1,30.0,6.0,60.0,0.9271627297130127,case2,1.0
122,0.1,40.0,6.0,60.0,0.9316927953719192,case2,0.0
123,0.1,40.0,6.0,60.0,0.9304328165821619,case2,1.0
124,0.1,50.0,6.0,60.0,0.9361756565918313,case2,0.0
125,0.1,50.0,6.0,60.0,0.9357432304547464,case2,1.0
126,0.1,60.0,6.0,60.0,0.9390158749101122,case2,0.0
127,0.1,60.0,6.0,60.0,0.9399576433985288,case2,1.0
128,0.1,70.0,6.0,60.0,0.9404166019183388,case2,0.0
129,0.1,70.0,6.0,60.0,0.9406720133702683,case2,1.0
130,0.3,30.0,6.0,60.0,0.9416981810239339,case2,0.0
131,0.3,30.0,6.0,60.0,0.9427570697061576,case2,1.0
132,0.3,40.0,6.0,60.0,0.944578814897087,case2,0.0
133,0.3,40.0,6.0,60.0,0.9436127603923286,case2,1.0
134,0.3,50.0,6.0,60.0,0.9440479441914291,case2,0.0
135,0.3,50.0,6.0,60.0,0.9449172042267117,case2,1.0
136,0.3,60.0,6.0,60.0,0.9497367282358204,case2,0.0
137,0.3,60.0,6.0,60.0,0.949154130598707,case2,1.0
138,0.3,70.0,6.0,60.0,0.9460128008941006,case2,0.0
139,0.3,70.0,6.0,60.0,0.9445926467758021,case2,1.0
140,0.5,30.0,6.0,60.0,0.9433662813021714,case2,0.0
141,0.5,30.0,6.0,60.0,0.9436105758672261,case2,1.0
142,0.5,40.0,6.0,60.0,0.9431821837578654,case2,0.0
143,0.5,40.0,6.0,60.0,0.9400349497951612,case2,1.0
144,0.5,50.0,6.0,60.0,0.9416282488649695,case2,0.0
145,0.5,50.0,6.0,60.0,0.9419474203752827,case2,1.0
146,0.5,60.0,6.0,60.0,0.9429642890047228,case2,0.0
147,0.5,60.0,6.0,60.0,0.944254008689079,case2,1.0
148,0.5,70.0,6.0,60.0,0.942401501908517,case2,0.0
149,0.5,70.0,6.0,60.0,0.9437124184838843,case2,1.0
150,0.1,30.0,7.0,60.0,0.9260020945154794,case2,0.0
151,0.1,30.0,7.0,60.0,0.926826315272862,case2,1.0
152,0.1,40.0,7.0,60.0,0.9303986544548841,case2,0.0
153,0.1,40.0,7.0,60.0,0.9310011254956425,case2,1.0
154,0.1,50.0,7.0,60.0,0.9338215454685797,case2,0.0
155,0.1,50.0,7.0,60.0,0.9353957965775679,case2,1.0
156,0.1,60.0,7.0,60.0,0.9356036361124345,case2,0.0
157,0.1,60.0,7.0,60.0,0.9360016177523995,case2,1.0
158,0.1,70.0,7.0,60.0,0.9373915076997742,case2,0.0
159,0.1,70.0,7.0,60.0,0.9362171996149515,case2,1.0
160,0.3,30.0,7.0,60.0,0.9401668748687413,case2,0.0
161,0.3,30.0,7.0,60.0,0.9410708550293678,case2,1.0
162,0.3,40.0,7.0,60.0,0.9428630310677057,case2,0.0
163,0.3,40.0,7.0,60.0,0.9460266513859172,case2,1.0
164,0.3,50.0,7.0,60.0,0.9424928726537054,case2,0.0
165,0.3,50.0,7.0,60.0,0.9406688805942697,case2,1.0
166,0.3,60.0,7.0,60.0,0.9428424458449418,case2,0.0
167,0.3,60.0,7.0,60.0,0.9434258181854289,case2,1.0
168,0.3,70.0,7.0,60.0,0.9421595439474212,case2,0.0
169,0.3,70.0,7.0,60.0,0.9423698002617831,case2,1.0
170,0.5,30.0,7.0,60.0,0.9411972821839878,case2,0.0
171,0.5,30.0,7.0,60.0,0.9403822942451905,case2,1.0
172,0.5,40.0,7.0,60.0,0.9431680040306721,case2,0.0
173,0.5,40.0,7.0,60.0,0.9417697012030246,case2,1.0
174,0.5,50.0,7.0,60.0,0.9421691673802262,case2,0.0
175,0.5,50.0,7.0,60.0,0.9429341007870036,case2,1.0
176,0.5,60.0,7.0,60.0,0.9453923017743031,case2,0.0
177,0.5,60.0,7.0,60.0,0.9457525757131042,case2,1.0
178,0.5,70.0,7.0,60.0,0.9447934306646435,case2,0.0
179,0.5,70.0,7.0,60.0,0.9443807693973227,case2,1.0
180,0.1,30.0,5.0,70.0,0.9300977930147709,case3,0.0
181,0.1,30.0,5.0,70.0,0.9309201218588365,case3,1.0
182,0.1,40.0,5.0,70.0,0.9377556965741922,case3,0.0
183,0.1,40.0,5.0,70.0,0.936249383817378,case3,1.0
184,0.1,50.0,5.0,70.0,0.9422982920473706,case3,0.0
185,0.1,50.0,5.0,70.0,0.9415495165636971,case3,1.0
186,0.1,60.0,5.0,70.0,0.9463415382644648,case3,0.0
187,0.1,60.0,5.0,70.0,0.9465373922309223,case3,1.0
188,0.1,70.0,5.0,70.0,0.9489625411625408,case3,0.0
189,0.1,70.0,5.0,70.0,0.9496186842763137,case3,1.0
190,0.3,30.0,5.0,70.0,0.94646659589343,case3,0.0
191,0.3,30.0,5.0,70.0,0.946274723480491,case3,1.0
192,0.3,40.0,5.0,70.0,0.9567078449035428,case3,0.0
193,0.3,40.0,5.0,70.0,0.9568314947081109,case3,1.0
194,0.3,50.0,5.0,70.0,0.9513328097991446,case3,0.0
195,0.3,50.0,5.0,70.0,0.950979230213392,case3,1.0
196,0.3,60.0,5.0,70.0,0.9548766609931197,case3,0.0
197,0.3,60.0,5.0,70.0,0.9548495958298826,case3,1.0
198,0.3,70.0,5.0,70.0,0.9554919649627562,case3,0.0
199,0.3,70.0,5.0,70.0,0.9557729892480717,case3,1.0
200,0.5,30.0,5.0,70.0,0.9440630845982552,case3,0.0
201,0.5,30.0,5.0,70.0,0.9440538579996922,case3,1.0
202,0.5,40.0,5.0,70.0,0.9487919280391219,case3,0.0
203,0.5,40.0,5.0,70.0,0.9484953060781975,case3,1.0
204,0.5,50.0,5.0,70.0,0.9485525047530924,case3,0.0
205,0.5,50.0,5.0,70.0,0.9496262592807568,case3,1.0
206,0.5,60.0,5.0,70.0,0.9513319093388007,case3,0.0
207,0.5,60.0,5.0,70.0,0.9520830884094336,case3,1.0
208,0.5,70.0,5.0,70.0,0.9534881101226682,case3,0.0
209,0.5,70.0,5.0,70.0,0.9535434364327567,case3,1.0
210,0.1,30.0,6.0,70.0,0.9329443497705686,case3,0.0
211,0.1,30.0,6.0,70.0,0.9325718486327921,case3,1.0
212,0.1,40.0,6.0,70.0,0.9370538611925644,case3,0.0
213,0.1,40.0,6.0,70.0,0.9380350180066557,case3,1.0
214,0.1,50.0,6.0,70.0,0.9401629384490965,case3,0.0
215,0.1,50.0,6.0,70.0,0.9417002316423455,case3,1.0
216,0.1,60.0,6.0,70.0,0.9490095904645056,case3,0.0
217,0.1,60.0,6.0,70.0,0.9471845930329605,case3,1.0
218,0.1,70.0,6.0,70.0,0.9457128766265308,case3,0.0
219,0.1,70.0,6.0,70.0,0.9459452136323169,case3,1.0
220,0.3,30.0,6.0,70.0,0.9466861614766089,case3,0.0
221,0.3,30.0,6.0,70.0,0.9480514042675162,case3,1.0
222,0.3,40.0,6.0,70.0,0.9493890672534727,case3,0.0
223,0.3,40.0,6.0,70.0,0.9489108738173195,case3,1.0
224,0.3,50.0,6.0,70.0,0.9510697302274368,case3,0.0
225,0.3,50.0,6.0,70.0,0.950952771435621,case3,1.0
226,0.3,60.0,6.0,70.0,0.9520128059311899,case3,0.0
227,0.3,60.0,6.0,70.0,0.9511800429884756,case3,1.0
228,0.3,70.0,6.0,70.0,0.9522952021844953,case3,0.0
229,0.3,70.0,6.0,70.0,0.9523812979121222,case3,1.0
230,0.5,30.0,6.0,70.0,0.9476706554224498,case3,0.0
231,0.5,30.0,6.0,70.0,0.9496219222699935,case3,1.0
232,0.5,40.0,6.0,70.0,0.9505459366111044,case3,0.0
233,0.5,40.0,6.0,70.0,0.9474789858800892,case3,1.0
234,0.5,50.0,6.0,70.0,0.9501979157868543,case3,0.0
235,0.5,50.0,6.0,70.0,0.9504315730711521,case3,1.0
236,0.5,60.0,6.0,70.0,0.9501467421083498,case3,0.0
237,0.5,60.0,6.0,70.0,0.9521579604038491,case3,1.0
238,0.5,70.0,6.0,70.0,0.9526182587780923,case3,0.0
239,0.5,70.0,6.0,70.0,0.9536893681645721,case3,1.0
240,0.1,30.0,7.0,70.0,0.934967186095111,case3,0.0
241,0.1,30.0,7.0,70.0,0.9332220879106385,case3,1.0
242,0.1,40.0,7.0,70.0,0.940597912687579,case3,0.0
243,0.1,40.0,7.0,70.0,0.9410725175516154,case3,1.0
244,0.1,50.0,7.0,70.0,0.9401696432505519,case3,0.0
245,0.1,50.0,7.0,70.0,0.9416843235021354,case3,1.0
246,0.1,60.0,7.0,70.0,0.9438319909931474,case3,0.0
247,0.1,60.0,7.0,70.0,0.9428983604328552,case3,1.0
248,0.1,70.0,7.0,70.0,0.9456143618376659,case3,0.0
249,0.1,70.0,7.0,70.0,0.9458899054599692,case3,1.0
250,0.3,30.0,7.0,70.0,0.9497860690851869,case3,0.0
251,0.3,30.0,7.0,70.0,0.9512854491371998,case3,1.0
252,0.3,40.0,7.0,70.0,0.946751300560296,case3,0.0
253,0.3,40.0,7.0,70.0,0.9448313879052673,case3,1.0
254,0.3,50.0,7.0,70.0,0.9502227991442312,case3,0.0
255,0.3,50.0,7.0,70.0,0.9496126005366904,case3,1.0
256,0.3,60.0,7.0,70.0,0.9553011505006996,case3,0.0
257,0.3,60.0,7.0,70.0,0.9524731201992541,case3,1.0
258,0.3,70.0,7.0,70.0,0.9526512194777572,case3,0.0
259,0.3,70.0,7.0,70.0,0.9519943856077054,case3,1.0
260,0.5,30.0,7.0,70.0,0.9446849283473803,case3,0.0
261,0.5,30.0,7.0,70.0,0.946796058785673,case3,1.0
262,0.5,40.0,7.0,70.0,0.9486933478212997,case3,0.0
263,0.5,40.0,7.0,70.0,0.9486203466196697,case3,1.0
264,0.5,50.0,7.0,70.0,0.9519907861936284,case3,0.0
265,0.5,50.0,7.0,70.0,0.9509984459331807,case3,1.0
266,0.5,60.0,7.0,70.0,0.952785170339056,case3,0.0
267,0.5,60.0,7.0,70.0,0.953523666067038,case3,1.0
268,0.5,70.0,7.0,70.0,0.9505011462343159,case3,0.0
269,0.5,70.0,7.0,70.0,0.9489369850312249,case3,1.0
270,0.1,30.0,5.0,80.0,0.9301254695631395,case4,0.0
271,0.1,30.0,5.0,80.0,0.9301331489293364,case4,1.0
272,0.1,40.0,5.0,80.0,0.9379335482550288,case4,0.0
273,0.1,40.0,5.0,80.0,0.9381021372603702,case4,1.0
274,0.1,50.0,5.0,80.0,0.943807519390732,case4,0.0
275,0.1,50.0,5.0,80.0,0.9429016782157598,case4,1.0
276,0.1,60.0,5.0,80.0,0.9489849962159355,case4,0.0
277,0.1,60.0,5.0,80.0,0.9492457780233743,case4,1.0
278,0.1,70.0,5.0,80.0,0.9506909093329383,case4,0.0
279,0.1,70.0,5.0,80.0,0.9504687170959496,case4,1.0
280,0.3,30.0,5.0,80.0,0.9472825517218771,case4,0.0
281,0.3,30.0,5.0,80.0,0.9480186199314635,case4,1.0
282,0.3,40.0,5.0,80.0,0.9517577817981525,case4,0.0
283,0.3,40.0,5.0,80.0,0.9516683537131554,case4,1.0
284,0.3,50.0,5.0,80.0,0.9542162157426601,case4,0.0
285,0.3,50.0,5.0,80.0,0.953304143686163,case4,1.0
286,0.3,60.0,5.0,80.0,0.9592307353677552,case4,0.0
287,0.3,60.0,5.0,80.0,0.9579760941075695,case4,1.0
288,0.3,70.0,5.0,80.0,0.9576745015586111,case4,0.0
289,0.3,70.0,5.0,80.0,0.9573008352634359,case4,1.0
290,0.5,30.0,5.0,80.0,0.9529215261281114,case4,0.0
291,0.5,30.0,5.0,80.0,0.9518695330481259,case4,1.0
292,0.5,40.0,5.0,80.0,0.9539673124627679,case4,0.0
293,0.5,40.0,5.0,80.0,0.9541331907537621,case4,1.0
294,0.5,50.0,5.0,80.0,0.9535076190573116,case4,0.0
295,0.5,50.0,5.0,80.0,0.9555949824810226,case4,1.0
296,0.5,60.0,5.0,80.0,0.95522698909128,case4,0.0
297,0.5,60.0,5.0,80.0,0.9548189869511656,case4,1.0
298,0.5,70.0,5.0,80.0,0.9557573706527205,case4,0.0
299,0.5,70.0,5.0,80.0,0.9566735759809907,case4,1.0
300,0.1,30.0,6.0,80.0,0.9370172562040773,case4,0.0
301,0.1,30.0,6.0,80.0,0.9375281488021135,case4,1.0
302,0.1,40.0,6.0,80.0,0.9417478316116081,case4,0.0
303,0.1,40.0,6.0,80.0,0.9414459440302222,case4,1.0
304,0.1,50.0,6.0,80.0,0.9465550346680676,case4,0.0
305,0.1,50.0,6.0,80.0,0.9451482079119996,case4,1.0
306,0.1,60.0,6.0,80.0,0.9477450718832177,case4,0.0
307,0.1,60.0,6.0,80.0,0.9476749962898248,case4,1.0
308,0.1,70.0,6.0,80.0,0.9508112457994482,case4,0.0
309,0.1,70.0,6.0,80.0,0.9504029965094105,case4,1.0
310,0.3,30.0,6.0,80.0,0.9476080596901024,case4,0.0
311,0.3,30.0,6.0,80.0,0.9498478671717903,case4,1.0
312,0.3,40.0,6.0,80.0,0.9512943430500567,case4,0.0
313,0.3,40.0,6.0,80.0,0.9503070990439598,case4,1.0
314,0.3,50.0,6.0,80.0,0.9532319080446182,case4,0.0
315,0.3,50.0,6.0,80.0,0.9538633181090515,case4,1.0
316,0.3,60.0,6.0,80.0,0.9564922194710797,case4,0.0
317,0.3,60.0,6.0,80.0,0.9551289409017079,case4,1.0
318,0.3,70.0,6.0,80.0,0.9567660401291048,case4,0.0
319,0.3,70.0,6.0,80.0,0.9552709897944986,case4,1.0
320,0.5,30.0,6.0,80.0,0.9491245135247441,case4,0.0
321,0.5,30.0,6.0,80.0,0.9501600755727347,case4,1.0
322,0.5,40.0,6.0,80.0,0.9523640391697622,case4,0.0
323,0.5,40.0,6.0,80.0,0.9535145665390246,case4,1.0
324,0.5,50.0,6.0,80.0,0.954072780331886,case4,0.0
325,0.5,50.0,6.0,80.0,0.9544269043104435,case4,1.0
326,0.5,60.0,6.0,80.0,0.9547769445533314,case4,0.0
327,0.5,60.0,6.0,80.0,0.9537627331173594,case4,1.0
328,0.5,70.0,6.0,80.0,0.9569820854844787,case4,0.0
329,0.5,70.0,6.0,80.0,0.9577709689358798,case4,1.0
330,0.1,30.0,7.0,80.0,0.9382332388860011,case4,0.0
331,0.1,30.0,7.0,80.0,0.9386535599972691,case4,1.0
332,0.1,40.0,7.0,80.0,0.9412488634964801,case4,0.0
333,0.1,40.0,7.0,80.0,0.9424762426770013,case4,1.0
334,0.1,50.0,7.0,80.0,0.9455007788505062,case4,0.0
335,0.1,50.0,7.0,80.0,0.9457304470994676,case4,1.0
336,0.1,60.0,7.0,80.0,0.9483882596183888,case4,0.0
337,0.1,60.0,7.0,80.0,0.9487437813192038,case4,1.0
338,0.1,70.0,7.0,80.0,0.9507663496409486,case4,0.0
339,0.1,70.0,7.0,80.0,0.9493319648690447,case4,1.0
340,0.3,30.0,7.0,80.0,0.9508903928039298,case4,0.0
341,0.3,30.0,7.0,80.0,0.9502166357678037,case4,1.0
342,0.3,40.0,7.0,80.0,0.9530762108529058,case4,0.0
343,0.3,40.0,7.0,80.0,0.9522227512509847,case4,1.0
344,0.3,50.0,7.0,80.0,0.9563725016998577,case4,0.0
345,0.3,50.0,7.0,80.0,0.9556402552281655,case4,1.0
346,0.3,60.0,7.0,80.0,0.955896191700116,case4,0.0
347,0.3,60.0,7.0,80.0,0.9562214696225823,case4,1.0
348,0.3,70.0,7.0,80.0,0.9558535385507196,case4,0.0
349,0.3,70.0,7.0,80.0,0.9535765385636322,case4,1.0
350,0.5,30.0,7.0,80.0,0.9518429728349729,case4,0.0
351,0.5,30.0,7.0,80.0,0.9497645619635076,case4,1.0
352,0.5,40.0,7.0,80.0,0.9550952756927092,case4,0.0
353,0.5,40.0,7.0,80.0,0.9535629583876386,case4,1.0
354,0.5,50.0,7.0,80.0,0.9535440751287971,case4,0.0
355,0.5,50.0,7.0,80.0,0.9521904008563498,case4,1.0
356,0.5,60.0,7.0,80.0,0.9587297207581343,case4,0.0
357,0.5,60.0,7.0,80.0,0.9605764334334046,case4,1.0
358,0.5,70.0,7.0,80.0,0.9590355326910978,case4,0.0
359,0.5,70.0,7.0,80.0,0.9585850371727114,case4,1.0
360,0.1,30.0,5.0,100.0,0.942443300786621,case5,0.0
361,0.1,30.0,5.0,100.0,0.9428470816144895,case5,1.0
362,0.1,40.0,5.0,100.0,0.9455061713868022,case5,0.0
363,0.1,40.0,5.0,100.0,0.9463067700218541,case5,1.0
364,0.1,50.0,5.0,100.0,0.9498292657959642,case5,0.0
365,0.1,50.0,5.0,100.0,0.9510650937936302,case5,1.0
366,0.1,60.0,5.0,100.0,0.9535642943893757,case5,0.0
367,0.1,60.0,5.0,100.0,0.9538152438320671,case5,1.0
368,0.1,30.0,5.0,240.0,0.9456446461604047,case6,0.0
369,0.1,30.0,5.0,240.0,0.9453076885887096,case6,1.0
370,0.1,40.0,5.0,240.0,0.9497330742554352,case6,0.0
371,0.1,40.0,5.0,240.0,0.9507204317442275,case6,1.0
372,0.1,50.0,5.0,240.0,0.9544239493026068,case6,0.0
373,0.1,50.0,5.0,240.0,0.9541635723918311,case6,1.0
374,0.1,60.0,5.0,240.0,0.9560137433146204,case6,0.0
375,0.1,60.0,5.0,240.0,0.9563939688577939,case6,1.0
376,0.1,70.0,5.0,240.0,0.9608458046205527,case6,0.0
377,0.1,70.0,5.0,240.0,0.9607365001021424,case6,1.0
378,0.3,30.0,5.0,240.0,0.9585857089863652,case6,0.0
379,0.3,30.0,5.0,240.0,0.9589210663592113,case6,1.0
380,0.3,40.0,5.0,240.0,0.9620138020221566,case6,0.0
381,0.3,40.0,5.0,240.0,0.9610052652974419,case6,1.0
382,0.3,50.0,5.0,240.0,0.9618308716835546,case6,0.0
383,0.3,50.0,5.0,240.0,0.9608269974781025,case6,1.0
384,0.3,60.0,5.0,240.0,0.9648084471016117,case6,0.0
385,0.3,60.0,5.0,240.0,0.9648805717594696,case6,1.0
386,0.3,70.0,5.0,240.0,0.9632897297242147,case6,0.0
387,0.3,70.0,5.0,240.0,0.9637110825552382,case6,1.0
388,0.5,30.0,5.0,240.0,0.9595153793105851,case6,0.0
389,0.5,30.0,5.0,240.0,0.9590048390065119,case6,1.0
390,0.5,40.0,5.0,240.0,0.960360706754314,case6,0.0
391,0.5,40.0,5.0,240.0,0.95959095481184,case6,1.0
392,0.5,50.0,5.0,240.0,0.9620000580154364,case6,0.0
393,0.5,50.0,5.0,240.0,0.9618385949760612,case6,1.0
394,0.5,60.0,5.0,240.0,0.9661593591610943,case6,0.0
395,0.5,60.0,5.0,240.0,0.9659715287957272,case6,1.0
396,0.5,70.0,5.0,240.0,0.9649899683277271,case6,0.0
397,0.5,70.0,5.0,240.0,0.9651592252862544,case6,1.0
398,0.1,30.0,6.0,240.0,0.9502368636589591,case6,0.0
399,0.1,30.0,6.0,240.0,0.950855680816414,case6,1.0
400,0.1,40.0,6.0,240.0,0.9548243913327322,case6,0.0
401,0.1,40.0,6.0,240.0,0.955694734344991,case6,1.0
402,0.1,50.0,6.0,240.0,0.9576669614704996,case6,0.0
403,0.1,50.0,6.0,240.0,0.9560726561323175,case6,1.0
404,0.1,60.0,6.0,240.0,0.9572341434266732,case6,0.0
405,0.1,60.0,6.0,240.0,0.9585529724799169,case6,1.0
406,0.1,70.0,6.0,240.0,0.9615929876486495,case6,0.0
407,0.1,70.0,6.0,240.0,0.9612377266585707,case6,1.0
408,0.3,30.0,6.0,240.0,0.9597642084277913,case6,0.0
409,0.3,30.0,6.0,240.0,0.9575992321804453,case6,1.0
410,0.3,40.0,6.0,240.0,0.9617384415164725,case6,0.0
411,0.3,40.0,6.0,240.0,0.9617625338155074,case6,1.0
412,0.3,50.0,6.0,240.0,0.9651141696529415,case6,0.0
413,0.3,50.0,6.0,240.0,0.9665655760739058,case6,1.0
414,0.3,60.0,6.0,240.0,0.9642313711705498,case6,0.0
415,0.3,60.0,6.0,240.0,0.9653836939524363,case6,1.0
416,0.3,70.0,6.0,240.0,0.966701852539073,case6,0.0
417,0.3,70.0,6.0,240.0,0.9665403361784686,case6,1.0
418,0.5,30.0,6.0,240.0,0.9611813477303262,case6,0.0
419,0.5,30.0,6.0,240.0,0.9620184510619232,case6,1.0
420,0.5,40.0,6.0,240.0,0.9643965393632579,case6,0.0
421,0.5,40.0,6.0,240.0,0.9636697115077559,case6,1.0
422,0.5,50.0,6.0,240.0,0.9635663165291403,case6,0.0
423,0.5,50.0,6.0,240.0,0.9643919231428244,case6,1.0
424,0.5,60.0,6.0,240.0,0.9621876868589349,case6,0.0
425,0.5,60.0,6.0,240.0,0.9614240223199065,case6,1.0
426,0.5,70.0,6.0,240.0,0.9667281144343145,case6,0.0
427,0.5,70.0,6.0,240.0,0.9658620299898523,case6,1.0
428,0.1,30.0,7.0,240.0,0.9484256365875539,case6,0.0
429,0.1,30.0,7.0,240.0,0.9483491906141126,case6,1.0
430,0.1,40.0,7.0,240.0,0.9547325959313326,case6,0.0
431,0.1,40.0,7.0,240.0,0.9554830063456645,case6,1.0
432,0.1,50.0,7.0,240.0,0.9568101036790597,case6,0.0
433,0.1,50.0,7.0,240.0,0.9567321927889367,case6,1.0
434,0.1,60.0,7.0,240.0,0.9555179062521431,case6,0.0
435,0.1,60.0,7.0,240.0,0.9556346415528963,case6,1.0
436,0.1,70.0,7.0,240.0,0.9599226687072095,case6,0.0
437,0.1,70.0,7.0,240.0,0.960164319810487,case6,1.0
438,0.3,30.0,7.0,240.0,0.9572710664691234,case6,0.0
439,0.3,30.0,7.0,240.0,0.9578120383868282,case6,1.0
440,0.3,40.0,7.0,240.0,0.9610070643567376,case6,0.0
441,0.3,40.0,7.0,240.0,0.9600203331884634,case6,1.0
442,0.3,50.0,7.0,240.0,0.9632336288717704,case6,0.0
443,0.3,50.0,7.0,240.0,0.9610895987110902,case6,1.0
444,0.3,60.0,7.0,240.0,0.9669740038036496,case6,0.0
445,0.3,60.0,7.0,240.0,0.9646437488785295,case6,1.0
446,0.3,70.0,7.0,240.0,0.9650556570334133,case6,0.0
447,0.3,70.0,7.0,240.0,0.9652326714246617,case6,1.0
448,0.5,30.0,7.0,240.0,0.9591009776342985,case6,0.0
449,0.5,30.0,7.0,240.0,0.960293902906596,case6,1.0
450,0.5,40.0,7.0,240.0,0.9601441726190254,case6,0.0
451,0.5,40.0,7.0,240.0,0.9600780087572061,case6,1.0
452,0.5,50.0,7.0,240.0,0.9630246226254077,case6,0.0
453,0.5,50.0,7.0,240.0,0.9634246413343017,case6,1.0
454,0.5,60.0,7.0,240.0,0.9650275972007833,case6,0.0
455,0.5,60.0,7.0,240.0,0.965562972564595,case6,1.0
456,0.5,70.0,7.0,240.0,0.9660968687684826,case6,0.0
457,0.5,70.0,7.0,240.0,0.9655864591529996,case6,1.0
458,0.1,30.0,5.0,170.0,0.9501091756348086,case7,0.0
459,0.1,30.0,5.0,170.0,0.9496842395905155,case7,1.0
460,0.1,40.0,5.0,170.0,0.9513294247067637,case7,0.0
461,0.1,40.0,5.0,170.0,0.9514632943144935,case7,1.0
462,0.1,50.0,5.0,170.0,0.9551151785123742,case7,0.0
463,0.1,50.0,5.0,170.0,0.9554605410009529,case7,1.0
464,0.1,60.0,5.0,170.0,0.9595386922748436,case7,0.0
465,0.1,60.0,5.0,170.0,0.9589296182515957,case7,1.0
466,0.1,70.0,5.0,170.0,0.9611745496746904,case7,0.0
467,0.1,70.0,5.0,170.0,0.960927872719585,case7,1.0
468,0.3,30.0,5.0,170.0,0.9620171273998841,case7,0.0
469,0.3,30.0,5.0,170.0,0.9615526376837332,case7,1.0
470,0.3,40.0,5.0,170.0,0.9639817390839729,case7,0.0
471,0.3,40.0,5.0,170.0,0.9643441571555578,case7,1.0
472,0.3,50.0,5.0,170.0,0.9675858444981275,case7,0.0
473,0.3,50.0,5.0,170.0,0.9664273769489642,case7,1.0
474,0.3,60.0,5.0,170.0,0.9665601970103337,case7,0.0
475,0.3,60.0,5.0,170.0,0.9676345050206241,case7,1.0
476,0.3,70.0,5.0,170.0,0.9636243351919157,case7,0.0
477,0.3,70.0,5.0,170.0,0.9639270611611988,case7,1.0
478,0.5,30.0,5.0,170.0,0.9609538785505526,case7,0.0
479,0.5,30.0,5.0,170.0,0.96162308857614,case7,1.0
480,0.5,40.0,5.0,170.0,0.96242882186295,case7,0.0
481,0.5,40.0,5.0,170.0,0.9624261443265862,case7,1.0
482,0.5,50.0,5.0,170.0,0.965627021112138,case7,0.0
483,0.5,50.0,5.0,170.0,0.9649565289483176,case7,1.0
484,0.5,60.0,5.0,170.0,0.9617873385030892,case7,0.0
485,0.5,60.0,5.0,170.0,0.9637356355592426,case7,1.0
486,0.5,70.0,5.0,170.0,0.9649242167185115,case7,0.0
487,0.5,70.0,5.0,170.0,0.9655745183964901,case7,1.0
488,0.1,30.0,6.0,170.0,0.9480510861723428,case7,0.0
489,0.1,30.0,6.0,170.0,0.9476297028178232,case7,1.0
490,0.1,40.0,6.0,170.0,0.9541176728233272,case7,0.0
491,0.1,40.0,6.0,170.0,0.9538723374872422,case7,1.0
492,0.1,50.0,6.0,170.0,0.9557061540665321,case7,0.0
493,0.1,50.0,6.0,170.0,0.9556313484521969,case7,1.0
494,0.1,60.0,6.0,170.0,0.9586132356523885,case7,0.0
495,0.1,60.0,6.0,170.0,0.9603010603726793,case7,1.0
496,0.1,70.0,6.0,170.0,0.9610815016586074,case7,0.0
497,0.1,70.0,6.0,170.0,0.9598816921319042,case7,1.0
498,0.3,30.0,6.0,170.0,0.9596446471345251,case7,0.0
499,0.3,30.0,6.0,170.0,0.9587049763484824,case7,1.0
500,0.3,40.0,6.0,170.0,0.960480556343229,case7,0.0
501,0.3,40.0,6.0,170.0,0.9619155690949212,case7,1.0
502,0.3,50.0,6.0,170.0,0.9647263120252074,case7,0.0
503,0.3,50.0,6.0,170.0,0.9640253797023558,case7,1.0
504,0.3,60.0,6.0,170.0,0.9653068984444084,case7,0.0
505,0.3,60.0,6.0,170.0,0.963962967199282,case7,1.0
506,0.3,70.0,6.0,170.0,0.9654812389531993,case7,0.0
507,0.3,70.0,6.0,170.0,0.9644251068656573,case7,1.0
508,0.5,30.0,6.0,170.0,0.9620048653565823,case7,0.0
509,0.5,30.0,6.0,170.0,0.9619004152463152,case7,1.0
510,0.5,40.0,6.0,170.0,0.9626223423238921,case7,0.0
511,0.5,40.0,6.0,170.0,0.963917552200954,case7,1.0
512,0.5,50.0,6.0,170.0,0.9651877843690375,case7,0.0
513,0.5,50.0,6.0,170.0,0.965419851477509,case7,1.0
514,0.5,60.0,6.0,170.0,0.9670574426699232,case7,0.0
515,0.5,60.0,6.0,170.0,0.9667965884493139,case7,1.0
516,0.5,70.0,6.0,170.0,0.9627160071419627,case7,0.0
517,0.5,70.0,6.0,170.0,0.9619394922561298,case7,1.0
518,0.1,30.0,7.0,170.0,0.9475278423379437,case7,0.0
519,0.1,30.0,7.0,170.0,0.9487872419474896,case7,1.0
520,0.1,40.0,7.0,170.0,0.9531332384607705,case7,0.0
521,0.1,40.0,7.0,170.0,0.9521128576429831,case7,1.0
522,0.1,50.0,7.0,170.0,0.9553457475417331,case7,0.0
523,0.1,50.0,7.0,170.0,0.9552790489920436,case7,1.0
524,0.1,60.0,7.0,170.0,0.9578156000767963,case7,0.0
525,0.1,60.0,7.0,170.0,0.9573972482708542,case7,1.0
526,0.1,70.0,7.0,170.0,0.9586797610165206,case7,0.0
527,0.1,70.0,7.0,170.0,0.9585769854222785,case7,1.0
528,0.3,30.0,7.0,170.0,0.9601793361566667,case7,0.0
529,0.3,30.0,7.0,170.0,0.9596363047541825,case7,1.0
530,0.3,40.0,7.0,170.0,0.9633174303575742,case7,0.0
531,0.3,40.0,7.0,170.0,0.9635676824704393,case7,1.0
532,0.3,50.0,7.0,170.0,0.9634425833167578,case7,0.0
533,0.3,50.0,7.0,170.0,0.9627668057363653,case7,1.0
534,0.3,60.0,7.0,170.0,0.9643329652192596,case7,0.0
535,0.3,60.0,7.0,170.0,0.9633954686353624,case7,1.0
536,0.3,70.0,7.0,170.0,0.964968126370721,case7,0.0
537,0.3,70.0,7.0,170.0,0.9658066319493198,case7,1.0
538,0.5,30.0,7.0,170.0,0.9613226237148899,case7,0.0
539,0.5,30.0,7.0,170.0,0.9610971239663014,case7,1.0
540,0.5,40.0,7.0,170.0,0.9595978908874361,case7,0.0
541,0.5,40.0,7.0,170.0,0.9598425107704813,case7,1.0
542,0.5,50.0,7.0,170.0,0.9642298251959465,case7,0.0
543,0.5,50.0,7.0,170.0,0.963254901749945,case7,1.0
544,0.5,60.0,7.0,170.0,0.9620334401968462,case7,0.0
545,0.5,60.0,7.0,170.0,0.962212633882747,case7,1.0
546,0.5,70.0,7.0,170.0,0.96569186644507,case7,0.0
547,0.5,70.0,7.0,170.0,0.965428421482373,case7,1.0
548,0.1,30.0,5.0,180.0,0.9452644066121139,case8,0.0
549,0.1,30.0,5.0,180.0,0.9460103608526996,case8,1.0
550,0.1,40.0,5.0,180.0,0.9539940399199969,case8,0.0
551,0.1,40.0,5.0,180.0,0.953907199034362,case8,1.0
552,0.1,50.0,5.0,180.0,0.9570276947621327,case8,0.0
553,0.1,50.0,5.0,180.0,0.9575485257341854,case8,1.0
554,0.1,60.0,5.0,180.0,0.9549688383507737,case8,0.0
555,0.1,60.0,5.0,180.0,0.9547248224995345,case8,1.0
556,0.1,70.0,5.0,180.0,0.958300617602211,case8,0.0
557,0.1,70.0,5.0,180.0,0.9594565213786428,case8,1.0
558,0.3,30.0,5.0,180.0,0.9602314376892863,case8,0.0
559,0.3,30.0,5.0,180.0,0.9587441339315749,case8,1.0
560,0.3,40.0,5.0,180.0,0.9607210261567435,case8,0.0
561,0.3,40.0,5.0,180.0,0.9613635664217227,case8,1.0
562,0.3,50.0,5.0,180.0,0.9652361899985799,case8,0.0
563,0.3,50.0,5.0,180.0,0.9659358414699735,case8,1.0
564,0.3,60.0,5.0,180.0,0.9689092574621329,case8,0.0
565,0.3,60.0,5.0,180.0,0.9675930399229387,case8,1.0
566,0.3,70.0,5.0,180.0,0.9657438191498701,case8,0.0
567,0.3,70.0,5.0,180.0,0.963237065516682,case8,1.0
568,0.5,30.0,5.0,180.0,0.9587377059338127,case8,0.0
569,0.5,30.0,5.0,180.0,0.9591774539426874,case8,1.0
570,0.5,40.0,5.0,180.0,0.9638509755453546,case8,0.0
571,0.5,40.0,5.0,180.0,0.9617290589245174,case8,1.0
572,0.5,50.0,5.0,180.0,0.9658917330513599,case8,0.0
573,0.5,50.0,5.0,180.0,0.9642275198950303,case8,1.0
574,0.5,60.0,5.0,180.0,0.9674701027256271,case8,0.0
575,0.5,60.0,5.0,180.0,0.9672225541200614,case8,1.0
576,0.5,70.0,5.0,180.0,0.9680418432539675,case8,0.0
577,0.5,70.0,5.0,180.0,0.9685689220326845,case8,1.0
578,0.1,30.0,6.0,180.0,0.949511844599089,case8,0.0
579,0.1,30.0,6.0,180.0,0.9508181340846493,case8,1.0
580,0.1,40.0,6.0,180.0,0.9547235668327504,case8,0.0
581,0.1,40.0,6.0,180.0,0.9532425752915147,case8,1.0
582,0.1,50.0,6.0,180.0,0.957698589742088,case8,0.0
583,0.1,50.0,6.0,180.0,0.9602369884688879,case8,1.0
584,0.1,60.0,6.0,180.0,0.9586892140678845,case8,0.0
585,0.1,60.0,6.0,180.0,0.9590303511504528,case8,1.0
586,0.1,70.0,6.0,180.0,0.9613760070213448,case8,0.0
587,0.1,70.0,6.0,180.0,0.9620120883096851,case8,1.0
588,0.3,30.0,6.0,180.0,0.960493943870812,case8,0.0
589,0.3,30.0,6.0,180.0,0.9607562257653213,case8,1.0
590,0.3,40.0,6.0,180.0,0.9615870664768906,case8,0.0
591,0.3,40.0,6.0,180.0,0.9629217530079914,case8,1.0
592,0.3,50.0,6.0,180.0,0.9652039195578137,case8,0.0
593,0.3,50.0,6.0,180.0,0.9645573059684451,case8,1.0
594,0.3,60.0,6.0,180.0,0.9648044144902153,case8,0.0
595,0.3,60.0,6.0,180.0,0.9651312855734135,case8,1.0
596,0.3,70.0,6.0,180.0,0.9665611634426154,case8,0.0
597,0.3,70.0,6.0,180.0,0.9645571790669372,case8,1.0
598,0.5,30.0,6.0,180.0,0.9596908935225329,case8,0.0
599,0.5,30.0,6.0,180.0,0.9598606324182724,case8,1.0
600,0.5,40.0,6.0,180.0,0.9637670845137702,case8,0.0
601,0.5,40.0,6.0,180.0,0.9605388773720847,case8,1.0
602,0.5,50.0,6.0,180.0,0.966634729546963,case8,0.0
603,0.5,50.0,6.0,180.0,0.9649503514200228,case8,1.0
604,0.5,60.0,6.0,180.0,0.9644094617775965,case8,0.0
605,0.5,60.0,6.0,180.0,0.9636724390765654,case8,1.0
606,0.5,70.0,6.0,180.0,0.9653951252569091,case8,0.0
607,0.5,70.0,6.0,180.0,0.9654027058421558,case8,1.0
608,0.1,30.0,7.0,180.0,0.9501076750548647,case8,0.0
609,0.1,30.0,7.0,180.0,0.9496975410820971,case8,1.0
610,0.1,40.0,7.0,180.0,0.9502474586971317,case8,0.0
611,0.1,40.0,7.0,180.0,0.9521651395643002,case8,1.0
612,0.1,50.0,7.0,180.0,0.9541020953027782,case8,0.0
613,0.1,50.0,7.0,180.0,0.9540449403364726,case8,1.0
614,0.1,60.0,7.0,180.0,0.956888706416918,case8,0.0
615,0.1,60.0,7.0,180.0,0.9570735134037335,case8,1.0
616,0.1,70.0,7.0,180.0,0.9581047237930548,case8,0.0
617,0.1,70.0,7.0,180.0,0.9582252136836763,case8,1.0
618,0.3,30.0,7.0,180.0,0.9571254689462412,case8,0.0
619,0.3,30.0,7.0,180.0,0.9567399849342116,case8,1.0
620,0.3,40.0,7.0,180.0,0.9628866338789095,case8,0.0
621,0.3,40.0,7.0,180.0,0.9614367497504019,case8,1.0
622,0.3,50.0,7.0,180.0,0.9673375093788726,case8,0.0
623,0.3,50.0,7.0,180.0,0.9667510489912583,case8,1.0
624,0.3,60.0,7.0,180.0,0.9664940073338375,case8,0.0
625,0.3,60.0,7.0,180.0,0.9653098922829348,case8,1.0
626,0.3,70.0,7.0,180.0,0.9672548985753645,case8,0.0
627,0.3,70.0,7.0,180.0,0.9664224786627121,case8,1.0
628,0.5,30.0,7.0,180.0,0.9567282543813924,case8,0.0
629,0.5,30.0,7.0,180.0,0.9591433519189266,case8,1.0
630,0.5,40.0,7.0,180.0,0.9637728419934953,case8,0.0
631,0.5,40.0,7.0,180.0,0.9645299444033597,case8,1.0
632,0.5,50.0,7.0,180.0,0.9624707334712974,case8,0.0
633,0.5,50.0,7.0,180.0,0.9637985307134477,case8,1.0
634,0.5,60.0,7.0,180.0,0.967075538437982,case8,0.0
635,0.5,60.0,7.0,180.0,0.9659061891868183,case8,1.0
636,0.5,70.0,7.0,180.0,0.9658733923243783,case8,0.0
637,0.5,70.0,7.0,180.0,0.965037653831517,case8,1.0
638,0.1,30.0,5.0,225.0,0.948633731076621,case9,0.0
639,0.1,30.0,5.0,225.0,0.9478832020625401,case9,1.0
640,0.1,40.0,5.0,225.0,0.9521248787226041,case9,0.0
641,0.1,40.0,5.0,225.0,0.9515187050305913,case9,1.0
642,0.1,50.0,5.0,225.0,0.9559470737569894,case9,0.0
643,0.1,50.0,5.0,225.0,0.9558568200424146,case9,1.0
644,0.1,60.0,5.0,225.0,0.9573899873247556,case9,0.0
645,0.1,60.0,5.0,225.0,0.9567214424701929,case9,1.0
646,0.1,70.0,5.0,225.0,0.9605868188325759,case9,0.0
647,0.1,70.0,5.0,225.0,0.9596110523839803,case9,1.0
648,0.3,30.0,5.0,225.0,0.961049102723285,case9,0.0
649,0.3,30.0,5.0,225.0,0.9596835506358747,case9,1.0
650,0.3,40.0,5.0,225.0,0.9586806143441329,case9,0.0
651,0.3,40.0,5.0,225.0,0.9591822856731387,case9,1.0
652,0.3,50.0,5.0,225.0,0.9629794882857727,case9,0.0
653,0.3,50.0,5.0,225.0,0.963677607875111,case9,1.0
654,0.3,60.0,5.0,225.0,0.9624974109214779,case9,0.0
655,0.3,60.0,5.0,225.0,0.9629812462997298,case9,1.0
656,0.3,70.0,5.0,225.0,0.9638066675389064,case9,0.0
657,0.3,70.0,5.0,225.0,0.9636529936271996,case9,1.0
658,0.5,30.0,5.0,225.0,0.9588584727445187,case9,0.0
659,0.5,30.0,5.0,225.0,0.9584175705683059,case9,1.0
660,0.5,40.0,5.0,225.0,0.9605157030940376,case9,0.0
661,0.5,40.0,5.0,225.0,0.962573851933513,case9,1.0
662,0.5,50.0,5.0,225.0,0.9608338969634748,case9,0.0
663,0.5,50.0,5.0,225.0,0.9614052244091587,case9,1.0
664,0.5,60.0,5.0,225.0,0.9644001211627835,case9,0.0
665,0.5,60.0,5.0,225.0,0.9637593332625926,case9,1.0
666,0.5,70.0,5.0,225.0,0.9638580041599953,case9,0.0
667,0.5,70.0,5.0,225.0,0.9636507920602947,case9,1.0
668,0.1,30.0,6.0,225.0,0.950042205556883,case9,0.0
669,0.1,30.0,6.0,225.0,0.9521114861801863,case9,1.0
670,0.1,40.0,6.0,225.0,0.9546367462864642,case9,0.0
671,0.1,40.0,6.0,225.0,0.9545223865764374,case9,1.0
672,0.1,50.0,6.0,225.0,0.9566984554531197,case9,0.0
673,0.1,50.0,6.0,225.0,0.9572483617649657,case9,1.0
674,0.1,60.0,6.0,225.0,0.9582530221896448,case9,0.0
675,0.1,60.0,6.0,225.0,0.9575701651775722,case9,1.0
676,0.1,70.0,6.0,225.0,0.9630059729075435,case9,0.0
677,0.1,70.0,6.0,225.0,0.9625053098220893,case9,1.0
678,0.3,30.0,6.0,225.0,0.9609319464386958,case9,0.0
679,0.3,30.0,6.0,225.0,0.9619287625706152,case9,1.0
680,0.3,40.0,6.0,225.0,0.9606426226825941,case9,0.0
681,0.3,40.0,6.0,225.0,0.9603861766724675,case9,1.0
682,0.3,50.0,6.0,225.0,0.9621513938093476,case9,0.0
683,0.3,50.0,6.0,225.0,0.96155824481237,case9,1.0
684,0.3,60.0,6.0,225.0,0.9624403034428772,case9,0.0
685,0.3,60.0,6.0,225.0,0.9635597198839406,case9,1.0
686,0.3,70.0,6.0,225.0,0.9654520648695948,case9,0.0
687,0.3,70.0,6.0,225.0,0.9638559896196363,case9,1.0
688,0.5,30.0,6.0,225.0,0.95814538823782,case9,0.0
689,0.5,30.0,6.0,225.0,0.9596540841491905,case9,1.0
690,0.5,40.0,6.0,225.0,0.96285555195834,case9,0.0
691,0.5,40.0,6.0,225.0,0.9618208888109943,case9,1.0
692,0.5,50.0,6.0,225.0,0.9625549051373467,case9,0.0
693,0.5,50.0,6.0,225.0,0.9637166212771104,case9,1.0
694,0.5,60.0,6.0,225.0,0.96390084651073,case9,0.0
695,0.5,60.0,6.0,225.0,0.9646492568599369,case9,1.0
696,0.5,70.0,6.0,225.0,0.9648572548269765,case9,0.0
697,0.5,70.0,6.0,225.0,0.9659083780736569,case9,1.0
698,0.1,30.0,7.0,225.0,0.9494554636289605,case9,0.0
699,0.1,30.0,7.0,225.0,0.950731821185672,case9,1.0
700,0.1,40.0,7.0,225.0,0.9517410364864605,case9,0.0
701,0.1,40.0,7.0,225.0,0.9540473001031184,case9,1.0
702,0.1,50.0,7.0,225.0,0.9562566412905411,case9,0.0
703,0.1,50.0,7.0,225.0,0.9554261658860046,case9,1.0
704,0.1,60.0,7.0,225.0,0.9572491045734877,case9,0.0
705,0.1,60.0,7.0,225.0,0.9574436053594841,case9,1.0
706,0.1,70.0,7.0,225.0,0.9596106739771135,case9,0.0
707,0.1,70.0,7.0,225.0,0.9595875894226534,case9,1.0
708,0.3,30.0,7.0,225.0,0.9592404389468581,case9,0.0
709,0.3,30.0,7.0,225.0,0.9588239335757915,case9,1.0
710,0.3,40.0,7.0,225.0,0.9601899781756391,case9,0.0
711,0.3,40.0,7.0,225.0,0.9609825023412446,case9,1.0
712,0.3,50.0,7.0,225.0,0.9622845870389423,case9,0.0
713,0.3,50.0,7.0,225.0,0.9620564175247421,case9,1.0
714,0.3,60.0,7.0,225.0,0.963112957597567,case9,0.0
715,0.3,60.0,7.0,225.0,0.9635717660694703,case9,1.0
716,0.3,70.0,7.0,225.0,0.9635005763903262,case9,0.0
717,0.3,70.0,7.0,225.0,0.9627416238026679,case9,1.0
718,0.5,30.0,7.0,225.0,0.959233958395792,case9,0.0
719,0.5,30.0,7.0,225.0,0.9590249482155043,case9,1.0
720,0.5,40.0,7.0,225.0,0.9619782638089704,case9,0.0
721,0.5,40.0,7.0,225.0,0.9625948609985994,case9,1.0
722,0.5,50.0,7.0,225.0,0.9626312188381247,case9,0.0
723,0.5,50.0,7.0,225.0,0.9625216849139072,case9,1.0
724,0.5,60.0,7.0,225.0,0.965474627587815,case9,0.0
725,0.5,60.0,7.0,225.0,0.9655520135677653,case9,1.0
726,0.5,70.0,7.0,225.0,0.9623649737256113,case9,0.0
727,0.5,70.0,7.0,225.0,0.9634818016330924,case9,1.0
728,0.1,30.0,5.0,125.0,0.9426281195871589,case10,0.0
729,0.1,30.0,5.0,125.0,0.9428052195536688,case10,1.0
730,0.1,40.0,5.0,125.0,0.9487075589093129,case10,0.0
731,0.1,40.0,5.0,125.0,0.9488923664113045,case10,1.0
732,0.1,50.0,5.0,125.0,0.9578694946658132,case10,0.0
733,0.1,50.0,5.0,125.0,0.9572864021284223,case10,1.0
734,0.1,60.0,5.0,125.0,0.9564471479880977,case10,0.0
735,0.1,60.0,5.0,125.0,0.9563270596966834,case10,1.0
736,0.1,70.0,5.0,125.0,0.960708622696645,case10,0.0
737,0.1,70.0,5.0,125.0,0.960485219319893,case10,1.0
738,0.3,30.0,5.0,125.0,0.9600239300547135,case10,0.0
739,0.3,30.0,5.0,125.0,0.9605236320261941,case10,1.0
740,0.3,40.0,5.0,125.0,0.9613956049385234,case10,0.0
741,0.3,40.0,5.0,125.0,0.9622653786599663,case10,1.0
742,0.3,50.0,5.0,125.0,0.9613525281084755,case10,0.0
743,0.3,50.0,5.0,125.0,0.960191222834139,case10,1.0
744,0.3,60.0,5.0,125.0,0.9598208537475348,case10,0.0
745,0.3,60.0,5.0,125.0,0.9602422925188694,case10,1.0
746,0.3,70.0,5.0,125.0,0.9617501023880148,case10,0.0
747,0.3,70.0,5.0,125.0,0.9617433183062779,case10,1.0
748,0.5,30.0,5.0,125.0,0.9575298420613855,case10,0.0
749,0.5,30.0,5.0,125.0,0.957022042542723,case10,1.0
750,0.5,40.0,5.0,125.0,0.9587535936827403,case10,0.0
751,0.5,40.0,5.0,125.0,0.9574347596461878,case10,1.0
752,0.5,50.0,5.0,125.0,0.9629469071196464,case10,0.0
753,0.5,50.0,5.0,125.0,0.9631789272444278,case10,1.0
754,0.5,60.0,5.0,125.0,0.9635123494879426,case10,0.0
755,0.5,60.0,5.0,125.0,0.9635005661673078,case10,1.0
756,0.5,70.0,5.0,125.0,0.9621093023703045,case10,0.0
757,0.5,70.0,5.0,125.0,0.9628547478958543,case10,1.0
758,0.1,30.0,6.0,125.0,0.945523625886487,case10,0.0
759,0.1,30.0,6.0,125.0,0.9448532751207013,case10,1.0
760,0.1,40.0,6.0,125.0,0.9534038218391006,case10,0.0
761,0.1,40.0,6.0,125.0,0.9522717262970157,case10,1.0
762,0.1,50.0,6.0,125.0,0.9547917598144033,case10,0.0
763,0.1,50.0,6.0,125.0,0.9538234930443602,case10,1.0
764,0.1,60.0,6.0,125.0,0.9603229817084094,case10,0.0
765,0.1,60.0,6.0,125.0,0.9588113294603303,case10,1.0
766,0.1,70.0,6.0,125.0,0.9591330344493579,case10,0.0
767,0.1,70.0,6.0,125.0,0.9576393992294474,case10,1.0
768,0.3,30.0,6.0,125.0,0.9592398382687539,case10,0.0
769,0.3,30.0,6.0,125.0,0.957472012305133,case10,1.0
770,0.3,40.0,6.0,125.0,0.9608348760008191,case10,0.0
771,0.3,40.0,6.0,125.0,0.9630863186745329,case10,1.0
772,0.3,50.0,6.0,125.0,0.962059122407229,case10,0.0
773,0.3,50.0,6.0,125.0,0.9614156400597421,case10,1.0
774,0.3,60.0,6.0,125.0,0.9602627992185591,case10,0.0
775,0.3,60.0,6.0,125.0,0.9600503423961033,case10,1.0
776,0.3,70.0,6.0,125.0,0.9662914397022625,case10,0.0
777,0.3,70.0,6.0,125.0,0.9644222950669363,case10,1.0
778,0.5,30.0,6.0,125.0,0.9581242738296947,case10,0.0
779,0.5,30.0,6.0,125.0,0.9587834329679861,case10,1.0
780,0.5,40.0,6.0,125.0,0.9580492226993138,case10,0.0
781,0.5,40.0,6.0,125.0,0.9583151374550255,case10,1.0
782,0.5,50.0,6.0,125.0,0.9612547296096,case10,0.0
783,0.5,50.0,6.0,125.0,0.9631808244411321,case10,1.0
784,0.5,60.0,6.0,125.0,0.9619705561920491,case10,0.0
785,0.5,60.0,6.0,125.0,0.96428478440525,case10,1.0
786,0.5,70.0,6.0,125.0,0.9601593959442534,case10,0.0
787,0.5,70.0,6.0,125.0,0.9622617497532533,case10,1.0
788,0.1,30.0,7.0,125.0,0.9445101613153138,case10,0.0
789,0.1,30.0,7.0,125.0,0.9456967301565958,case10,1.0
790,0.1,40.0,7.0,125.0,0.9554117291833937,case10,0.0
791,0.1,40.0,7.0,125.0,0.9556923598212876,case10,1.0
792,0.1,50.0,7.0,125.0,0.9531116059532405,case10,0.0
793,0.1,50.0,7.0,125.0,0.9533876666810602,case10,1.0
794,0.1,60.0,7.0,125.0,0.9548094618156657,case10,0.0
795,0.1,60.0,7.0,125.0,0.9546510689586718,case10,1.0
796,0.1,70.0,7.0,125.0,0.959036643932901,case10,0.0
797,0.1,70.0,7.0,125.0,0.958722115142263,case10,1.0
798,0.3,30.0,7.0,125.0,0.9589557362831327,case10,0.0
799,0.3,30.0,7.0,125.0,0.959737381394852,case10,1.0
800,0.3,40.0,7.0,125.0,0.9604983269895065,case10,0.0
801,0.3,40.0,7.0,125.0,0.9612220030259897,case10,1.0
802,0.3,50.0,7.0,125.0,0.9637914231573182,case10,0.0
803,0.3,50.0,7.0,125.0,0.9638845591777405,case10,1.0
804,0.3,60.0,7.0,125.0,0.9617487196602253,case10,0.0
805,0.3,60.0,7.0,125.0,0.9623655692791377,case10,1.0
806,0.3,70.0,7.0,125.0,0.9653539145293413,case10,0.0
807,0.3,70.0,7.0,125.0,0.965329646974633,case10,1.0
808,0.5,30.0,7.0,125.0,0.9591758919227654,case10,0.0
809,0.5,30.0,7.0,125.0,0.95985551286741,case10,1.0
810,0.5,40.0,7.0,125.0,0.9600414317775872,case10,0.0
811,0.5,40.0,7.0,125.0,0.9603652092393377,case10,1.0
812,0.5,50.0,7.0,125.0,0.9618117497161316,case10,0.0
813,0.5,50.0,7.0,125.0,0.9625404676920863,case10,1.0
814,0.5,60.0,7.0,125.0,0.9622419197896145,case10,0.0
815,0.5,60.0,7.0,125.0,0.9615784457777515,case10,1.0
816,0.5,70.0,7.0,125.0,0.962352973462288,case10,0.0
817,0.5,70.0,7.0,125.0,0.9632923661894017,case10,1.0
