,m,model_name,variance_k,normality_k,boruta_flag,vif_k,score,chosen_columns,standardize
0,260.0,xgb,500.0,1.0,1.0,260.0,0.9605865480885493,"   2   14   25   34   58   67   76  101  106  139  174  180  205  269
  278  288  295  305  315  328  364  395  396  399  424  439  445  455
  467  487  493  512  532  537  554  558  568  576  579  592  616  649
  668  678  688  699  746  757  767  803  865  934  948  981  985 1006
 1027 1032 1061 1073 1099 1108 1118 1204 1236 1257 1258 1282 1293 1296
 1328 1359 1372 1376 1377 1400 1471 1479 1495 1500 1523 1550 1575 1580
 1588 1591 1600 1618 1619 1652 1654 1663 1680 1695 1716 1745 1762 1793
 1796 1813 1821 1857 1870 1922 1929 1934 1966 1983 2031 2032 2040 2048
 2051 2057 2068 2077 2098 2101 2132 2141 2149 2169 2189 2244 2330 2333
 2343 2367 2381 2426 2430 2485 2490 2510 2557 2571 2598 2621 2641 2660
 2662 2673 2695 2733 2764 2769 2781 2782 2783 2801 2805 2808 2812 2814
 2835 2856 2895 2904 2923 2924 2926 2937 2945 2977 2982 3011 3034 3046
 3051 3065 3086 3097 3144 3185 3188 3196 3233 3238 3269 3313 3355 3365
 3374 3379 3385 3418 3432 3433 3468 3470 3506 3514 3520 3543 3550 3609
 3633 3638 3642 3647 3650 3670 3700 3725 3746 3774 3782 3817 3827 3844
 3845 3846 3847 3897 3923 3959 3995 4020 4105 4108 4114 4129 4188 4195
 4232 4271 4301 4315 4390 4398 4412 4464 4493 4546 4553 4572 4573 4579
 4585 4588 4596 4615 4622 4632 4651 4652 4672 4694 4753 4779 4791 4794
 4856 4863 4869 4876 4885 4917 4925 4979",1.0
1,260.0,xgb,500.0,1.0,1.0,260.0,0.959605043648096,"   2   14   25   34   58   67   76  101  106  139  174  180  205  269
  278  288  295  305  315  328  364  395  396  399  424  439  445  455
  467  487  493  512  532  537  554  558  568  576  579  592  616  649
  668  678  688  699  746  757  767  803  865  934  948  981  985 1006
 1027 1032 1061 1073 1099 1108 1118 1204 1236 1257 1258 1282 1293 1296
 1328 1359 1372 1376 1377 1400 1471 1479 1495 1500 1523 1550 1575 1580
 1588 1591 1600 1618 1619 1652 1654 1663 1680 1695 1716 1745 1762 1793
 1796 1813 1821 1857 1870 1922 1929 1934 1966 1983 2031 2032 2040 2048
 2051 2057 2068 2077 2098 2101 2132 2141 2149 2169 2189 2244 2330 2333
 2343 2367 2381 2426 2430 2485 2490 2510 2557 2571 2598 2621 2641 2660
 2662 2673 2695 2733 2764 2769 2781 2782 2783 2801 2805 2808 2812 2814
 2835 2856 2895 2904 2923 2924 2926 2937 2945 2977 2982 3011 3034 3046
 3051 3065 3086 3097 3144 3185 3188 3196 3233 3238 3269 3313 3355 3365
 3374 3379 3385 3418 3432 3433 3468 3470 3506 3514 3520 3543 3550 3609
 3633 3638 3642 3647 3650 3670 3700 3725 3746 3774 3782 3817 3827 3844
 3845 3846 3847 3897 3923 3959 3995 4020 4105 4108 4114 4129 4188 4195
 4232 4271 4301 4315 4390 4398 4412 4464 4493 4546 4553 4572 4573 4579
 4585 4588 4596 4615 4622 4632 4651 4652 4672 4694 4753 4779 4791 4794
 4856 4863 4869 4876 4885 4917 4925 4979",0.0
2,255.0,xgb,500.0,1.0,1.0,255.0,0.9606503024019878,"   2   14   25   34   58   67   76  101  106  139  174  180  205  269
  278  288  295  305  315  328  364  395  396  399  424  439  445  455
  467  487  493  512  532  537  554  558  568  576  579  592  616  649
  668  678  688  699  746  757  767  803  865  934  948  981  985 1006
 1027 1032 1061 1073 1099 1108 1118 1204 1236 1257 1258 1282 1293 1296
 1328 1359 1372 1376 1377 1400 1471 1479 1495 1500 1523 1575 1580 1588
 1591 1600 1618 1619 1652 1654 1663 1680 1695 1716 1762 1793 1796 1813
 1821 1857 1870 1922 1929 1934 1966 1983 2031 2032 2040 2048 2051 2057
 2068 2077 2098 2101 2132 2141 2149 2169 2189 2244 2330 2333 2367 2381
 2426 2430 2485 2490 2510 2557 2571 2598 2621 2641 2660 2662 2673 2695
 2733 2764 2769 2781 2782 2783 2801 2805 2808 2812 2814 2835 2856 2895
 2904 2923 2924 2926 2937 2945 2977 2982 3011 3034 3046 3051 3065 3086
 3097 3144 3185 3188 3196 3233 3238 3269 3313 3355 3365 3374 3379 3385
 3418 3432 3433 3468 3470 3506 3514 3520 3543 3550 3609 3633 3638 3642
 3647 3650 3670 3700 3725 3746 3774 3782 3817 3827 3844 3845 3846 3847
 3897 3923 3959 3995 4020 4105 4108 4114 4129 4188 4232 4271 4301 4315
 4390 4398 4412 4464 4493 4546 4553 4572 4573 4579 4588 4596 4615 4622
 4632 4651 4652 4672 4694 4753 4779 4791 4794 4856 4863 4869 4876 4885
 4917 4925 4979",1.0
3,255.0,xgb,500.0,1.0,1.0,255.0,0.9607319760137022,"   2   14   25   34   58   67   76  101  106  139  174  180  205  269
  278  288  295  305  315  328  364  395  396  399  424  439  445  455
  467  487  493  512  532  537  554  558  568  576  579  592  616  649
  668  678  688  699  746  757  767  803  865  934  948  981  985 1006
 1027 1032 1061 1073 1099 1108 1118 1204 1236 1257 1258 1282 1293 1296
 1328 1359 1372 1376 1377 1400 1471 1479 1495 1500 1523 1575 1580 1588
 1591 1600 1618 1619 1652 1654 1663 1680 1695 1716 1762 1793 1796 1813
 1821 1857 1870 1922 1929 1934 1966 1983 2031 2032 2040 2048 2051 2057
 2068 2077 2098 2101 2132 2141 2149 2169 2189 2244 2330 2333 2367 2381
 2426 2430 2485 2490 2510 2557 2571 2598 2621 2641 2660 2662 2673 2695
 2733 2764 2769 2781 2782 2783 2801 2805 2808 2812 2814 2835 2856 2895
 2904 2923 2924 2926 2937 2945 2977 2982 3011 3034 3046 3051 3065 3086
 3097 3144 3185 3188 3196 3233 3238 3269 3313 3355 3365 3374 3379 3385
 3418 3432 3433 3468 3470 3506 3514 3520 3543 3550 3609 3633 3638 3642
 3647 3650 3670 3700 3725 3746 3774 3782 3817 3827 3844 3845 3846 3847
 3897 3923 3959 3995 4020 4105 4108 4114 4129 4188 4232 4271 4301 4315
 4390 4398 4412 4464 4493 4546 4553 4572 4573 4579 4588 4596 4615 4622
 4632 4651 4652 4672 4694 4753 4779 4791 4794 4856 4863 4869 4876 4885
 4917 4925 4979",0.0
4,250.0,xgb,500.0,1.0,1.0,250.0,0.9585317301829834,"   2   14   25   34   58   67   76  101  106  139  174  180  205  269
  278  288  295  305  315  328  364  395  399  424  439  445  455  467
  487  493  512  532  537  554  558  568  576  579  592  616  649  668
  678  688  699  746  757  767  803  865  934  985 1006 1027 1032 1061
 1073 1099 1108 1204 1236 1257 1258 1282 1293 1296 1328 1359 1372 1376
 1377 1400 1471 1479 1495 1500 1523 1575 1580 1588 1591 1600 1618 1619
 1652 1654 1663 1680 1695 1716 1762 1793 1796 1813 1821 1857 1870 1922
 1929 1934 1966 1983 2031 2032 2040 2048 2051 2057 2068 2077 2098 2101
 2132 2141 2149 2169 2189 2244 2330 2333 2367 2381 2426 2430 2485 2490
 2510 2557 2571 2598 2621 2641 2660 2662 2673 2695 2733 2764 2769 2781
 2782 2783 2801 2805 2808 2812 2814 2835 2856 2895 2904 2923 2924 2926
 2937 2945 2977 2982 3011 3034 3046 3051 3065 3086 3097 3144 3185 3188
 3196 3233 3238 3269 3313 3355 3365 3374 3379 3385 3418 3432 3433 3468
 3470 3506 3514 3520 3543 3550 3609 3633 3638 3642 3647 3650 3670 3700
 3725 3746 3774 3782 3817 3827 3844 3845 3846 3847 3897 3923 3959 3995
 4020 4105 4108 4114 4129 4188 4232 4271 4301 4315 4390 4398 4464 4493
 4546 4553 4572 4573 4579 4588 4596 4615 4622 4632 4651 4652 4672 4694
 4753 4779 4791 4794 4856 4863 4869 4876 4885 4917 4925 4979",1.0
5,250.0,xgb,500.0,1.0,1.0,250.0,0.9586346810536612,"   2   14   25   34   58   67   76  101  106  139  174  180  205  269
  278  288  295  305  315  328  364  395  399  424  439  445  455  467
  487  493  512  532  537  554  558  568  576  579  592  616  649  668
  678  688  699  746  757  767  803  865  934  985 1006 1027 1032 1061
 1073 1099 1108 1204 1236 1257 1258 1282 1293 1296 1328 1359 1372 1376
 1377 1400 1471 1479 1495 1500 1523 1575 1580 1588 1591 1600 1618 1619
 1652 1654 1663 1680 1695 1716 1762 1793 1796 1813 1821 1857 1870 1922
 1929 1934 1966 1983 2031 2032 2040 2048 2051 2057 2068 2077 2098 2101
 2132 2141 2149 2169 2189 2244 2330 2333 2367 2381 2426 2430 2485 2490
 2510 2557 2571 2598 2621 2641 2660 2662 2673 2695 2733 2764 2769 2781
 2782 2783 2801 2805 2808 2812 2814 2835 2856 2895 2904 2923 2924 2926
 2937 2945 2977 2982 3011 3034 3046 3051 3065 3086 3097 3144 3185 3188
 3196 3233 3238 3269 3313 3355 3365 3374 3379 3385 3418 3432 3433 3468
 3470 3506 3514 3520 3543 3550 3609 3633 3638 3642 3647 3650 3670 3700
 3725 3746 3774 3782 3817 3827 3844 3845 3846 3847 3897 3923 3959 3995
 4020 4105 4108 4114 4129 4188 4232 4271 4301 4315 4390 4398 4464 4493
 4546 4553 4572 4573 4579 4588 4596 4615 4622 4632 4651 4652 4672 4694
 4753 4779 4791 4794 4856 4863 4869 4876 4885 4917 4925 4979",0.0
6,245.0,xgb,500.0,1.0,1.0,245.0,0.9595198640838364,"   2   14   25   34   58   67   76  101  106  139  174  180  205  269
  278  288  295  305  315  328  364  395  399  424  439  445  455  467
  487  493  512  532  537  554  558  568  576  579  592  616  649  668
  678  699  746  757  803  865  934  985 1006 1027 1032 1061 1073 1099
 1108 1204 1236 1257 1258 1282 1293 1296 1328 1359 1372 1376 1377 1400
 1471 1479 1495 1500 1523 1575 1580 1588 1591 1600 1618 1619 1652 1654
 1663 1680 1695 1716 1762 1793 1796 1813 1821 1857 1870 1922 1934 1966
 1983 2031 2032 2040 2048 2051 2057 2068 2077 2098 2101 2132 2141 2149
 2169 2189 2244 2330 2333 2367 2381 2426 2430 2485 2490 2510 2557 2571
 2598 2621 2641 2660 2662 2673 2695 2733 2764 2769 2781 2782 2783 2801
 2805 2808 2812 2814 2835 2856 2895 2904 2923 2924 2926 2937 2945 2977
 2982 3011 3034 3046 3051 3065 3086 3097 3144 3185 3188 3196 3233 3238
 3269 3313 3355 3365 3374 3379 3385 3418 3432 3433 3468 3470 3506 3514
 3520 3543 3550 3609 3633 3638 3642 3647 3650 3670 3700 3725 3746 3774
 3782 3817 3827 3844 3845 3846 3847 3897 3923 3959 3995 4020 4105 4108
 4114 4129 4188 4232 4271 4301 4315 4390 4398 4464 4493 4553 4572 4573
 4579 4588 4596 4615 4622 4632 4651 4652 4672 4694 4753 4779 4791 4794
 4856 4863 4869 4885 4917 4925 4979",1.0
7,245.0,xgb,500.0,1.0,1.0,245.0,0.9588696260027743,"   2   14   25   34   58   67   76  101  106  139  174  180  205  269
  278  288  295  305  315  328  364  395  399  424  439  445  455  467
  487  493  512  532  537  554  558  568  576  579  592  616  649  668
  678  699  746  757  803  865  934  985 1006 1027 1032 1061 1073 1099
 1108 1204 1236 1257 1258 1282 1293 1296 1328 1359 1372 1376 1377 1400
 1471 1479 1495 1500 1523 1575 1580 1588 1591 1600 1618 1619 1652 1654
 1663 1680 1695 1716 1762 1793 1796 1813 1821 1857 1870 1922 1934 1966
 1983 2031 2032 2040 2048 2051 2057 2068 2077 2098 2101 2132 2141 2149
 2169 2189 2244 2330 2333 2367 2381 2426 2430 2485 2490 2510 2557 2571
 2598 2621 2641 2660 2662 2673 2695 2733 2764 2769 2781 2782 2783 2801
 2805 2808 2812 2814 2835 2856 2895 2904 2923 2924 2926 2937 2945 2977
 2982 3011 3034 3046 3051 3065 3086 3097 3144 3185 3188 3196 3233 3238
 3269 3313 3355 3365 3374 3379 3385 3418 3432 3433 3468 3470 3506 3514
 3520 3543 3550 3609 3633 3638 3642 3647 3650 3670 3700 3725 3746 3774
 3782 3817 3827 3844 3845 3846 3847 3897 3923 3959 3995 4020 4105 4108
 4114 4129 4188 4232 4271 4301 4315 4390 4398 4464 4493 4553 4572 4573
 4579 4588 4596 4615 4622 4632 4651 4652 4672 4694 4753 4779 4791 4794
 4856 4863 4869 4885 4917 4925 4979",0.0
8,240.0,xgb,500.0,1.0,1.0,240.0,0.9634794640085023,"   2   14   25   34   58   67   76  101  106  139  174  180  205  269
  278  288  295  305  315  328  364  395  399  424  439  445  455  467
  487  493  512  532  537  554  558  568  576  579  592  616  649  668
  678  699  746  757  803  865  934  985 1006 1027 1032 1061 1073 1099
 1108 1204 1236 1257 1258 1282 1293 1296 1328 1359 1376 1377 1400 1471
 1479 1495 1500 1523 1575 1580 1588 1591 1600 1618 1619 1652 1654 1663
 1680 1695 1716 1762 1793 1796 1813 1821 1857 1870 1922 1934 1966 1983
 2031 2032 2040 2048 2051 2057 2068 2077 2098 2101 2132 2141 2149 2169
 2189 2244 2330 2333 2367 2381 2426 2430 2485 2490 2510 2557 2571 2598
 2621 2641 2660 2662 2673 2695 2733 2764 2769 2781 2782 2783 2801 2805
 2808 2812 2814 2835 2856 2895 2904 2924 2926 2937 2945 2977 2982 3011
 3034 3046 3051 3086 3097 3144 3185 3188 3196 3233 3238 3269 3313 3355
 3374 3379 3385 3418 3432 3433 3468 3470 3506 3514 3520 3543 3550 3609
 3633 3638 3642 3647 3650 3670 3700 3725 3746 3774 3782 3817 3844 3845
 3846 3847 3897 3923 3959 3995 4020 4105 4108 4114 4129 4188 4232 4271
 4301 4315 4390 4398 4464 4493 4553 4572 4573 4579 4588 4596 4615 4622
 4632 4651 4652 4672 4694 4753 4779 4791 4794 4856 4863 4869 4885 4917
 4925 4979",1.0
9,240.0,xgb,500.0,1.0,1.0,240.0,0.9643374731303783,"   2   14   25   34   58   67   76  101  106  139  174  180  205  269
  278  288  295  305  315  328  364  395  399  424  439  445  455  467
  487  493  512  532  537  554  558  568  576  579  592  616  649  668
  678  699  746  757  803  865  934  985 1006 1027 1032 1061 1073 1099
 1108 1204 1236 1257 1258 1282 1293 1296 1328 1359 1376 1377 1400 1471
 1479 1495 1500 1523 1575 1580 1588 1591 1600 1618 1619 1652 1654 1663
 1680 1695 1716 1762 1793 1796 1813 1821 1857 1870 1922 1934 1966 1983
 2031 2032 2040 2048 2051 2057 2068 2077 2098 2101 2132 2141 2149 2169
 2189 2244 2330 2333 2367 2381 2426 2430 2485 2490 2510 2557 2571 2598
 2621 2641 2660 2662 2673 2695 2733 2764 2769 2781 2782 2783 2801 2805
 2808 2812 2814 2835 2856 2895 2904 2924 2926 2937 2945 2977 2982 3011
 3034 3046 3051 3086 3097 3144 3185 3188 3196 3233 3238 3269 3313 3355
 3374 3379 3385 3418 3432 3433 3468 3470 3506 3514 3520 3543 3550 3609
 3633 3638 3642 3647 3650 3670 3700 3725 3746 3774 3782 3817 3844 3845
 3846 3847 3897 3923 3959 3995 4020 4105 4108 4114 4129 4188 4232 4271
 4301 4315 4390 4398 4464 4493 4553 4572 4573 4579 4588 4596 4615 4622
 4632 4651 4652 4672 4694 4753 4779 4791 4794 4856 4863 4869 4885 4917
 4925 4979",0.0
10,235.0,xgb,500.0,1.0,1.0,235.0,0.9608930256174281,"   2   14   25   34   58   67   76  101  106  139  174  180  205  269
  278  288  295  305  315  328  364  395  399  424  439  445  455  467
  487  493  512  532  537  558  576  579  592  616  649  668  678  699
  746  757  803  865  934  985 1006 1027 1032 1061 1073 1099 1108 1204
 1236 1257 1258 1282 1293 1296 1328 1359 1376 1377 1400 1471 1479 1495
 1500 1523 1575 1580 1588 1591 1600 1618 1619 1652 1654 1663 1680 1695
 1716 1762 1793 1796 1813 1821 1857 1870 1922 1934 1966 1983 2031 2032
 2040 2048 2051 2057 2068 2077 2098 2101 2132 2141 2149 2169 2189 2244
 2330 2333 2367 2381 2426 2430 2485 2490 2510 2557 2571 2598 2621 2641
 2660 2662 2673 2695 2733 2764 2769 2781 2782 2783 2801 2805 2808 2812
 2814 2835 2856 2895 2904 2924 2926 2937 2945 2977 2982 3011 3034 3046
 3051 3086 3097 3144 3185 3188 3196 3233 3238 3269 3313 3355 3374 3379
 3385 3432 3433 3468 3470 3506 3514 3520 3543 3550 3609 3633 3638 3642
 3647 3650 3670 3700 3725 3746 3774 3782 3844 3845 3846 3847 3897 3923
 3959 3995 4020 4105 4108 4114 4129 4188 4232 4271 4301 4315 4390 4398
 4464 4493 4553 4572 4573 4579 4588 4615 4622 4632 4651 4652 4672 4694
 4753 4779 4791 4794 4856 4863 4869 4885 4917 4925 4979",1.0
11,235.0,xgb,500.0,1.0,1.0,235.0,0.9607960491521462,"   2   14   25   34   58   67   76  101  106  139  174  180  205  269
  278  288  295  305  315  328  364  395  399  424  439  445  455  467
  487  493  512  532  537  558  576  579  592  616  649  668  678  699
  746  757  803  865  934  985 1006 1027 1032 1061 1073 1099 1108 1204
 1236 1257 1258 1282 1293 1296 1328 1359 1376 1377 1400 1471 1479 1495
 1500 1523 1575 1580 1588 1591 1600 1618 1619 1652 1654 1663 1680 1695
 1716 1762 1793 1796 1813 1821 1857 1870 1922 1934 1966 1983 2031 2032
 2040 2048 2051 2057 2068 2077 2098 2101 2132 2141 2149 2169 2189 2244
 2330 2333 2367 2381 2426 2430 2485 2490 2510 2557 2571 2598 2621 2641
 2660 2662 2673 2695 2733 2764 2769 2781 2782 2783 2801 2805 2808 2812
 2814 2835 2856 2895 2904 2924 2926 2937 2945 2977 2982 3011 3034 3046
 3051 3086 3097 3144 3185 3188 3196 3233 3238 3269 3313 3355 3374 3379
 3385 3432 3433 3468 3470 3506 3514 3520 3543 3550 3609 3633 3638 3642
 3647 3650 3670 3700 3725 3746 3774 3782 3844 3845 3846 3847 3897 3923
 3959 3995 4020 4105 4108 4114 4129 4188 4232 4271 4301 4315 4390 4398
 4464 4493 4553 4572 4573 4579 4588 4615 4622 4632 4651 4652 4672 4694
 4753 4779 4791 4794 4856 4863 4869 4885 4917 4925 4979",0.0
12,230.0,xgb,500.0,1.0,1.0,230.0,0.960120638131208,"   2   14   34   58   67   76  101  106  139  174  180  205  269  278
  288  295  305  315  328  364  395  399  424  439  445  455  467  487
  493  512  537  558  576  579  592  616  649  668  678  699  746  757
  803  865  934  985 1006 1027 1032 1061 1073 1099 1108 1204 1236 1257
 1258 1282 1293 1296 1328 1359 1376 1377 1400 1471 1479 1495 1500 1523
 1575 1580 1588 1591 1600 1618 1619 1652 1654 1663 1680 1695 1716 1762
 1793 1796 1813 1821 1857 1870 1922 1934 1966 1983 2031 2032 2040 2048
 2051 2057 2068 2077 2098 2101 2132 2141 2149 2169 2189 2244 2330 2333
 2367 2381 2426 2430 2485 2490 2510 2557 2571 2598 2621 2641 2660 2662
 2673 2695 2733 2764 2769 2781 2782 2783 2801 2805 2808 2812 2814 2835
 2856 2895 2904 2924 2926 2937 2945 2977 2982 3011 3034 3051 3086 3097
 3144 3185 3188 3196 3233 3238 3269 3313 3355 3374 3379 3385 3432 3433
 3468 3470 3506 3514 3520 3543 3550 3609 3638 3642 3647 3650 3670 3700
 3725 3746 3774 3782 3844 3845 3846 3847 3897 3923 3959 3995 4020 4105
 4108 4114 4129 4188 4232 4271 4301 4315 4390 4398 4464 4493 4553 4572
 4573 4579 4588 4615 4622 4632 4651 4652 4672 4694 4753 4779 4791 4794
 4856 4869 4885 4917 4925 4979",1.0
13,230.0,xgb,500.0,1.0,1.0,230.0,0.9610581655659474,"   2   14   34   58   67   76  101  106  139  174  180  205  269  278
  288  295  305  315  328  364  395  399  424  439  445  455  467  487
  493  512  537  558  576  579  592  616  649  668  678  699  746  757
  803  865  934  985 1006 1027 1032 1061 1073 1099 1108 1204 1236 1257
 1258 1282 1293 1296 1328 1359 1376 1377 1400 1471 1479 1495 1500 1523
 1575 1580 1588 1591 1600 1618 1619 1652 1654 1663 1680 1695 1716 1762
 1793 1796 1813 1821 1857 1870 1922 1934 1966 1983 2031 2032 2040 2048
 2051 2057 2068 2077 2098 2101 2132 2141 2149 2169 2189 2244 2330 2333
 2367 2381 2426 2430 2485 2490 2510 2557 2571 2598 2621 2641 2660 2662
 2673 2695 2733 2764 2769 2781 2782 2783 2801 2805 2808 2812 2814 2835
 2856 2895 2904 2924 2926 2937 2945 2977 2982 3011 3034 3051 3086 3097
 3144 3185 3188 3196 3233 3238 3269 3313 3355 3374 3379 3385 3432 3433
 3468 3470 3506 3514 3520 3543 3550 3609 3638 3642 3647 3650 3670 3700
 3725 3746 3774 3782 3844 3845 3846 3847 3897 3923 3959 3995 4020 4105
 4108 4114 4129 4188 4232 4271 4301 4315 4390 4398 4464 4493 4553 4572
 4573 4579 4588 4615 4622 4632 4651 4652 4672 4694 4753 4779 4791 4794
 4856 4869 4885 4917 4925 4979",0.0
14,225.0,xgb,500.0,1.0,1.0,225.0,0.9625327074722447,"   2   14   34   58   67   76  101  106  139  174  180  205  269  278
  288  295  305  315  328  364  395  399  424  439  445  455  467  487
  493  512  537  558  576  579  592  616  649  668  678  699  746  757
  803  865  934  985 1006 1027 1032 1061 1073 1099 1108 1204 1236 1257
 1258 1282 1293 1296 1328 1359 1376 1377 1400 1471 1479 1495 1500 1523
 1575 1580 1588 1591 1600 1618 1619 1652 1654 1663 1680 1695 1716 1762
 1793 1796 1813 1821 1857 1870 1922 1934 1966 1983 2031 2040 2048 2051
 2057 2068 2077 2098 2101 2132 2141 2149 2169 2189 2244 2330 2333 2367
 2381 2426 2430 2485 2490 2510 2557 2571 2598 2621 2641 2660 2662 2673
 2695 2733 2764 2781 2782 2783 2801 2805 2808 2812 2814 2835 2856 2895
 2904 2924 2926 2937 2945 2977 2982 3011 3034 3051 3086 3097 3144 3185
 3188 3196 3233 3238 3355 3374 3379 3385 3432 3433 3468 3470 3506 3514
 3520 3543 3550 3609 3638 3642 3647 3650 3670 3700 3725 3746 3774 3782
 3844 3845 3846 3847 3897 3923 3959 3995 4020 4105 4108 4114 4129 4188
 4232 4271 4301 4315 4390 4464 4493 4553 4572 4573 4579 4588 4615 4622
 4632 4651 4652 4672 4694 4753 4779 4791 4794 4856 4869 4885 4917 4925
 4979",1.0
15,225.0,xgb,500.0,1.0,1.0,225.0,0.9617084136421878,"   2   14   34   58   67   76  101  106  139  174  180  205  269  278
  288  295  305  315  328  364  395  399  424  439  445  455  467  487
  493  512  537  558  576  579  592  616  649  668  678  699  746  757
  803  865  934  985 1006 1027 1032 1061 1073 1099 1108 1204 1236 1257
 1258 1282 1293 1296 1328 1359 1376 1377 1400 1471 1479 1495 1500 1523
 1575 1580 1588 1591 1600 1618 1619 1652 1654 1663 1680 1695 1716 1762
 1793 1796 1813 1821 1857 1870 1922 1934 1966 1983 2031 2040 2048 2051
 2057 2068 2077 2098 2101 2132 2141 2149 2169 2189 2244 2330 2333 2367
 2381 2426 2430 2485 2490 2510 2557 2571 2598 2621 2641 2660 2662 2673
 2695 2733 2764 2781 2782 2783 2801 2805 2808 2812 2814 2835 2856 2895
 2904 2924 2926 2937 2945 2977 2982 3011 3034 3051 3086 3097 3144 3185
 3188 3196 3233 3238 3355 3374 3379 3385 3432 3433 3468 3470 3506 3514
 3520 3543 3550 3609 3638 3642 3647 3650 3670 3700 3725 3746 3774 3782
 3844 3845 3846 3847 3897 3923 3959 3995 4020 4105 4108 4114 4129 4188
 4232 4271 4301 4315 4390 4464 4493 4553 4572 4573 4579 4588 4615 4622
 4632 4651 4652 4672 4694 4753 4779 4791 4794 4856 4869 4885 4917 4925
 4979",0.0
16,220.0,xgb,500.0,1.0,1.0,220.0,0.9591095204672087,"   2   14   34   58   67   76  101  106  139  174  180  205  269  278
  288  295  305  315  328  364  395  399  424  439  445  467  487  493
  512  537  558  576  579  592  616  649  668  678  699  746  757  803
  865  934  985 1006 1027 1032 1061 1073 1099 1108 1204 1236 1257 1258
 1282 1293 1296 1328 1359 1376 1377 1400 1471 1479 1495 1500 1523 1580
 1588 1591 1618 1619 1652 1654 1663 1680 1695 1716 1762 1793 1796 1813
 1821 1857 1870 1922 1934 1966 1983 2031 2040 2048 2051 2057 2068 2077
 2098 2101 2132 2141 2149 2169 2244 2330 2333 2367 2426 2430 2485 2490
 2510 2557 2571 2598 2621 2641 2660 2662 2673 2695 2733 2764 2781 2782
 2783 2801 2805 2808 2812 2814 2835 2856 2895 2904 2924 2926 2937 2945
 2977 2982 3011 3034 3051 3086 3097 3144 3185 3188 3196 3233 3238 3355
 3374 3379 3385 3432 3433 3468 3470 3506 3514 3520 3543 3550 3609 3638
 3642 3647 3650 3670 3700 3725 3746 3774 3782 3844 3845 3846 3847 3897
 3923 3959 3995 4020 4105 4108 4114 4129 4188 4232 4271 4301 4315 4390
 4464 4493 4553 4572 4573 4579 4588 4615 4622 4632 4651 4652 4672 4694
 4753 4779 4791 4794 4856 4869 4885 4917 4925 4979",1.0
17,220.0,xgb,500.0,1.0,1.0,220.0,0.9600170668305988,"   2   14   34   58   67   76  101  106  139  174  180  205  269  278
  288  295  305  315  328  364  395  399  424  439  445  467  487  493
  512  537  558  576  579  592  616  649  668  678  699  746  757  803
  865  934  985 1006 1027 1032 1061 1073 1099 1108 1204 1236 1257 1258
 1282 1293 1296 1328 1359 1376 1377 1400 1471 1479 1495 1500 1523 1580
 1588 1591 1618 1619 1652 1654 1663 1680 1695 1716 1762 1793 1796 1813
 1821 1857 1870 1922 1934 1966 1983 2031 2040 2048 2051 2057 2068 2077
 2098 2101 2132 2141 2149 2169 2244 2330 2333 2367 2426 2430 2485 2490
 2510 2557 2571 2598 2621 2641 2660 2662 2673 2695 2733 2764 2781 2782
 2783 2801 2805 2808 2812 2814 2835 2856 2895 2904 2924 2926 2937 2945
 2977 2982 3011 3034 3051 3086 3097 3144 3185 3188 3196 3233 3238 3355
 3374 3379 3385 3432 3433 3468 3470 3506 3514 3520 3543 3550 3609 3638
 3642 3647 3650 3670 3700 3725 3746 3774 3782 3844 3845 3846 3847 3897
 3923 3959 3995 4020 4105 4108 4114 4129 4188 4232 4271 4301 4315 4390
 4464 4493 4553 4572 4573 4579 4588 4615 4622 4632 4651 4652 4672 4694
 4753 4779 4791 4794 4856 4869 4885 4917 4925 4979",0.0
18,215.0,xgb,500.0,1.0,1.0,215.0,0.9607101272564327,"   2   14   34   58   67   76  101  106  139  174  180  205  269  278
  288  295  305  315  328  364  395  399  424  439  445  467  487  493
  512  537  558  576  579  592  616  649  668  678  699  746  757  803
  865  934  985 1006 1027 1032 1061 1073 1099 1108 1204 1236 1257 1258
 1282 1293 1296 1359 1376 1377 1400 1471 1479 1495 1500 1523 1580 1588
 1591 1618 1652 1654 1663 1680 1695 1716 1762 1793 1796 1813 1821 1857
 1870 1922 1934 1966 1983 2031 2040 2048 2051 2057 2068 2077 2098 2101
 2132 2141 2149 2169 2244 2330 2333 2367 2426 2430 2485 2490 2510 2557
 2571 2598 2621 2641 2660 2662 2673 2695 2733 2764 2781 2782 2783 2801
 2805 2808 2812 2814 2835 2856 2895 2904 2924 2926 2937 2945 2977 2982
 3011 3034 3051 3086 3097 3144 3185 3188 3196 3233 3238 3355 3374 3379
 3385 3432 3433 3468 3506 3514 3520 3543 3550 3609 3638 3642 3647 3650
 3670 3700 3725 3746 3774 3782 3844 3845 3846 3847 3897 3923 3959 3995
 4020 4105 4114 4129 4188 4232 4271 4301 4315 4390 4464 4493 4553 4572
 4573 4579 4588 4615 4622 4632 4651 4672 4694 4753 4779 4791 4794 4856
 4869 4885 4917 4925 4979",1.0
19,215.0,xgb,500.0,1.0,1.0,215.0,0.9612267882563567,"   2   14   34   58   67   76  101  106  139  174  180  205  269  278
  288  295  305  315  328  364  395  399  424  439  445  467  487  493
  512  537  558  576  579  592  616  649  668  678  699  746  757  803
  865  934  985 1006 1027 1032 1061 1073 1099 1108 1204 1236 1257 1258
 1282 1293 1296 1359 1376 1377 1400 1471 1479 1495 1500 1523 1580 1588
 1591 1618 1652 1654 1663 1680 1695 1716 1762 1793 1796 1813 1821 1857
 1870 1922 1934 1966 1983 2031 2040 2048 2051 2057 2068 2077 2098 2101
 2132 2141 2149 2169 2244 2330 2333 2367 2426 2430 2485 2490 2510 2557
 2571 2598 2621 2641 2660 2662 2673 2695 2733 2764 2781 2782 2783 2801
 2805 2808 2812 2814 2835 2856 2895 2904 2924 2926 2937 2945 2977 2982
 3011 3034 3051 3086 3097 3144 3185 3188 3196 3233 3238 3355 3374 3379
 3385 3432 3433 3468 3506 3514 3520 3543 3550 3609 3638 3642 3647 3650
 3670 3700 3725 3746 3774 3782 3844 3845 3846 3847 3897 3923 3959 3995
 4020 4105 4114 4129 4188 4232 4271 4301 4315 4390 4464 4493 4553 4572
 4573 4579 4588 4615 4622 4632 4651 4672 4694 4753 4779 4791 4794 4856
 4869 4885 4917 4925 4979",0.0
20,210.0,xgb,500.0,1.0,1.0,210.0,0.9614722073617055,"   2   14   34   58   67   76  101  139  174  180  205  269  278  288
  295  305  315  328  364  395  399  424  439  445  467  487  493  512
  537  558  576  579  592  616  649  668  678  699  746  757  803  865
  934  985 1006 1027 1032 1061 1073 1099 1108 1236 1257 1258 1282 1293
 1296 1359 1376 1377 1400 1471 1479 1495 1500 1523 1580 1588 1591 1618
 1652 1654 1663 1680 1695 1716 1762 1793 1796 1813 1821 1857 1870 1922
 1934 1966 1983 2031 2040 2048 2051 2057 2068 2077 2098 2101 2132 2141
 2149 2169 2244 2330 2333 2367 2426 2430 2485 2490 2557 2571 2598 2621
 2641 2660 2662 2673 2695 2764 2781 2782 2783 2801 2805 2808 2812 2814
 2835 2856 2895 2904 2924 2926 2937 2945 2977 2982 3011 3034 3051 3086
 3097 3144 3185 3188 3196 3233 3238 3355 3374 3379 3385 3432 3433 3468
 3506 3514 3520 3543 3550 3609 3638 3642 3647 3650 3670 3700 3725 3746
 3774 3782 3844 3845 3846 3847 3897 3923 3959 3995 4020 4105 4114 4129
 4188 4232 4271 4301 4315 4390 4464 4493 4553 4572 4573 4579 4588 4615
 4622 4632 4651 4672 4694 4753 4779 4791 4794 4856 4885 4917 4925 4979",1.0
21,210.0,xgb,500.0,1.0,1.0,210.0,0.961028366841614,"   2   14   34   58   67   76  101  139  174  180  205  269  278  288
  295  305  315  328  364  395  399  424  439  445  467  487  493  512
  537  558  576  579  592  616  649  668  678  699  746  757  803  865
  934  985 1006 1027 1032 1061 1073 1099 1108 1236 1257 1258 1282 1293
 1296 1359 1376 1377 1400 1471 1479 1495 1500 1523 1580 1588 1591 1618
 1652 1654 1663 1680 1695 1716 1762 1793 1796 1813 1821 1857 1870 1922
 1934 1966 1983 2031 2040 2048 2051 2057 2068 2077 2098 2101 2132 2141
 2149 2169 2244 2330 2333 2367 2426 2430 2485 2490 2557 2571 2598 2621
 2641 2660 2662 2673 2695 2764 2781 2782 2783 2801 2805 2808 2812 2814
 2835 2856 2895 2904 2924 2926 2937 2945 2977 2982 3011 3034 3051 3086
 3097 3144 3185 3188 3196 3233 3238 3355 3374 3379 3385 3432 3433 3468
 3506 3514 3520 3543 3550 3609 3638 3642 3647 3650 3670 3700 3725 3746
 3774 3782 3844 3845 3846 3847 3897 3923 3959 3995 4020 4105 4114 4129
 4188 4232 4271 4301 4315 4390 4464 4493 4553 4572 4573 4579 4588 4615
 4622 4632 4651 4672 4694 4753 4779 4791 4794 4856 4885 4917 4925 4979",0.0
22,205.0,xgb,500.0,1.0,1.0,205.0,0.9581971484331939,"   2   14   34   58   67   76  101  139  174  180  205  269  278  288
  295  305  315  328  364  395  399  424  439  445  467  487  493  512
  537  558  576  579  592  616  649  668  678  699  746  757  803  865
  934  985 1006 1027 1032 1061 1073 1099 1108 1236 1257 1258 1282 1293
 1296 1359 1376 1377 1471 1479 1495 1500 1523 1580 1588 1591 1618 1652
 1654 1663 1680 1695 1716 1762 1793 1796 1813 1821 1857 1870 1922 1934
 1966 1983 2031 2040 2048 2051 2057 2068 2077 2098 2101 2132 2141 2149
 2169 2244 2330 2333 2367 2426 2430 2485 2490 2557 2571 2598 2641 2660
 2662 2673 2695 2764 2781 2782 2783 2801 2805 2808 2812 2814 2835 2856
 2895 2904 2924 2926 2937 2945 2977 2982 3011 3034 3051 3086 3097 3144
 3185 3188 3196 3233 3238 3355 3374 3379 3385 3432 3433 3468 3506 3514
 3520 3543 3550 3609 3638 3642 3647 3650 3670 3700 3725 3746 3774 3782
 3844 3845 3846 3847 3897 3959 3995 4020 4105 4114 4129 4188 4232 4271
 4301 4315 4390 4464 4493 4553 4572 4573 4579 4588 4615 4622 4632 4651
 4672 4694 4753 4779 4791 4885 4917 4925 4979",1.0
23,205.0,xgb,500.0,1.0,1.0,205.0,0.9577272138065661,"   2   14   34   58   67   76  101  139  174  180  205  269  278  288
  295  305  315  328  364  395  399  424  439  445  467  487  493  512
  537  558  576  579  592  616  649  668  678  699  746  757  803  865
  934  985 1006 1027 1032 1061 1073 1099 1108 1236 1257 1258 1282 1293
 1296 1359 1376 1377 1471 1479 1495 1500 1523 1580 1588 1591 1618 1652
 1654 1663 1680 1695 1716 1762 1793 1796 1813 1821 1857 1870 1922 1934
 1966 1983 2031 2040 2048 2051 2057 2068 2077 2098 2101 2132 2141 2149
 2169 2244 2330 2333 2367 2426 2430 2485 2490 2557 2571 2598 2641 2660
 2662 2673 2695 2764 2781 2782 2783 2801 2805 2808 2812 2814 2835 2856
 2895 2904 2924 2926 2937 2945 2977 2982 3011 3034 3051 3086 3097 3144
 3185 3188 3196 3233 3238 3355 3374 3379 3385 3432 3433 3468 3506 3514
 3520 3543 3550 3609 3638 3642 3647 3650 3670 3700 3725 3746 3774 3782
 3844 3845 3846 3847 3897 3959 3995 4020 4105 4114 4129 4188 4232 4271
 4301 4315 4390 4464 4493 4553 4572 4573 4579 4588 4615 4622 4632 4651
 4672 4694 4753 4779 4791 4885 4917 4925 4979",0.0
24,200.0,xgb,500.0,1.0,1.0,200.0,0.9595051668647242,"   2   14   34   58   67   76  101  139  174  180  205  269  278  288
  295  305  315  364  395  399  424  439  445  467  487  493  512  537
  558  576  579  592  616  649  668  678  699  746  757  803  865  934
  985 1006 1027 1032 1061 1073 1099 1108 1236 1257 1258 1282 1293 1296
 1359 1376 1377 1471 1479 1495 1500 1523 1580 1588 1591 1618 1652 1654
 1663 1680 1695 1716 1762 1793 1796 1813 1821 1857 1870 1922 1934 1966
 1983 2031 2040 2048 2051 2057 2068 2077 2098 2101 2132 2141 2149 2169
 2244 2330 2333 2367 2430 2485 2490 2557 2571 2598 2641 2660 2662 2673
 2695 2764 2781 2782 2783 2801 2805 2808 2812 2814 2835 2856 2895 2904
 2924 2926 2937 2945 2977 2982 3011 3034 3051 3086 3097 3144 3185 3196
 3233 3238 3355 3374 3379 3385 3433 3468 3506 3514 3520 3543 3550 3609
 3638 3642 3647 3650 3670 3700 3725 3746 3774 3782 3844 3845 3846 3847
 3897 3959 3995 4020 4105 4114 4129 4188 4232 4271 4301 4315 4390 4464
 4493 4572 4573 4579 4588 4615 4622 4632 4651 4672 4694 4753 4779 4791
 4885 4917 4925 4979",1.0
25,200.0,xgb,500.0,1.0,1.0,200.0,0.9591893222125227,"   2   14   34   58   67   76  101  139  174  180  205  269  278  288
  295  305  315  364  395  399  424  439  445  467  487  493  512  537
  558  576  579  592  616  649  668  678  699  746  757  803  865  934
  985 1006 1027 1032 1061 1073 1099 1108 1236 1257 1258 1282 1293 1296
 1359 1376 1377 1471 1479 1495 1500 1523 1580 1588 1591 1618 1652 1654
 1663 1680 1695 1716 1762 1793 1796 1813 1821 1857 1870 1922 1934 1966
 1983 2031 2040 2048 2051 2057 2068 2077 2098 2101 2132 2141 2149 2169
 2244 2330 2333 2367 2430 2485 2490 2557 2571 2598 2641 2660 2662 2673
 2695 2764 2781 2782 2783 2801 2805 2808 2812 2814 2835 2856 2895 2904
 2924 2926 2937 2945 2977 2982 3011 3034 3051 3086 3097 3144 3185 3196
 3233 3238 3355 3374 3379 3385 3433 3468 3506 3514 3520 3543 3550 3609
 3638 3642 3647 3650 3670 3700 3725 3746 3774 3782 3844 3845 3846 3847
 3897 3959 3995 4020 4105 4114 4129 4188 4232 4271 4301 4315 4390 4464
 4493 4572 4573 4579 4588 4615 4622 4632 4651 4672 4694 4753 4779 4791
 4885 4917 4925 4979",0.0
26,195.0,xgb,500.0,1.0,1.0,195.0,0.9606393959600992,"   2   14   34   58   67   76  101  139  174  180  205  269  278  288
  295  305  315  364  395  399  424  439  445  467  487  493  512  537
  558  576  579  592  616  649  668  678  699  746  757  803  865  934
  985 1006 1027 1032 1061 1073 1099 1108 1236 1257 1258 1282 1293 1296
 1359 1377 1471 1479 1495 1500 1523 1580 1588 1591 1618 1652 1654 1663
 1680 1695 1716 1762 1793 1796 1821 1857 1870 1922 1934 1966 1983 2031
 2040 2048 2051 2057 2068 2077 2098 2101 2132 2141 2149 2169 2244 2330
 2333 2367 2430 2485 2490 2557 2571 2598 2641 2660 2662 2673 2695 2764
 2781 2782 2783 2801 2805 2808 2812 2814 2835 2856 2895 2904 2924 2926
 2937 2945 2977 2982 3011 3034 3051 3086 3097 3144 3185 3196 3233 3238
 3355 3374 3379 3385 3433 3468 3506 3514 3520 3543 3550 3609 3638 3642
 3647 3650 3670 3700 3725 3746 3774 3782 3844 3845 3846 3847 3897 3959
 4020 4105 4114 4129 4188 4232 4301 4315 4390 4464 4493 4572 4573 4579
 4588 4615 4622 4632 4651 4672 4753 4779 4791 4885 4917 4925 4979",1.0
27,195.0,xgb,500.0,1.0,1.0,195.0,0.9607821598557045,"   2   14   34   58   67   76  101  139  174  180  205  269  278  288
  295  305  315  364  395  399  424  439  445  467  487  493  512  537
  558  576  579  592  616  649  668  678  699  746  757  803  865  934
  985 1006 1027 1032 1061 1073 1099 1108 1236 1257 1258 1282 1293 1296
 1359 1377 1471 1479 1495 1500 1523 1580 1588 1591 1618 1652 1654 1663
 1680 1695 1716 1762 1793 1796 1821 1857 1870 1922 1934 1966 1983 2031
 2040 2048 2051 2057 2068 2077 2098 2101 2132 2141 2149 2169 2244 2330
 2333 2367 2430 2485 2490 2557 2571 2598 2641 2660 2662 2673 2695 2764
 2781 2782 2783 2801 2805 2808 2812 2814 2835 2856 2895 2904 2924 2926
 2937 2945 2977 2982 3011 3034 3051 3086 3097 3144 3185 3196 3233 3238
 3355 3374 3379 3385 3433 3468 3506 3514 3520 3543 3550 3609 3638 3642
 3647 3650 3670 3700 3725 3746 3774 3782 3844 3845 3846 3847 3897 3959
 4020 4105 4114 4129 4188 4232 4301 4315 4390 4464 4493 4572 4573 4579
 4588 4615 4622 4632 4651 4672 4753 4779 4791 4885 4917 4925 4979",0.0
28,190.0,xgb,500.0,1.0,1.0,190.0,0.9602852356891877,"   2   14   34   58   67   76  101  139  174  180  205  269  278  288
  295  305  315  364  395  399  424  439  445  467  487  493  512  558
  576  579  592  616  649  668  678  699  757  803  865  934  985 1006
 1027 1032 1061 1073 1099 1108 1236 1257 1258 1282 1296 1359 1377 1471
 1479 1495 1500 1523 1580 1588 1591 1618 1654 1663 1680 1695 1716 1762
 1793 1796 1821 1857 1870 1922 1934 1966 1983 2031 2040 2048 2051 2057
 2068 2077 2098 2101 2132 2141 2149 2169 2244 2330 2333 2367 2430 2485
 2490 2557 2571 2598 2641 2660 2662 2673 2695 2764 2781 2782 2783 2801
 2805 2808 2812 2814 2835 2856 2895 2904 2924 2926 2937 2945 2977 2982
 3011 3034 3051 3086 3097 3144 3185 3196 3233 3238 3355 3374 3379 3385
 3433 3468 3506 3514 3520 3550 3609 3638 3642 3647 3650 3670 3700 3725
 3746 3774 3782 3844 3845 3846 3847 3897 3959 4020 4105 4114 4129 4188
 4232 4301 4315 4390 4464 4493 4572 4573 4579 4588 4615 4622 4632 4651
 4672 4753 4779 4791 4885 4917 4925 4979",1.0
29,190.0,xgb,500.0,1.0,1.0,190.0,0.9595414791868293,"   2   14   34   58   67   76  101  139  174  180  205  269  278  288
  295  305  315  364  395  399  424  439  445  467  487  493  512  558
  576  579  592  616  649  668  678  699  757  803  865  934  985 1006
 1027 1032 1061 1073 1099 1108 1236 1257 1258 1282 1296 1359 1377 1471
 1479 1495 1500 1523 1580 1588 1591 1618 1654 1663 1680 1695 1716 1762
 1793 1796 1821 1857 1870 1922 1934 1966 1983 2031 2040 2048 2051 2057
 2068 2077 2098 2101 2132 2141 2149 2169 2244 2330 2333 2367 2430 2485
 2490 2557 2571 2598 2641 2660 2662 2673 2695 2764 2781 2782 2783 2801
 2805 2808 2812 2814 2835 2856 2895 2904 2924 2926 2937 2945 2977 2982
 3011 3034 3051 3086 3097 3144 3185 3196 3233 3238 3355 3374 3379 3385
 3433 3468 3506 3514 3520 3550 3609 3638 3642 3647 3650 3670 3700 3725
 3746 3774 3782 3844 3845 3846 3847 3897 3959 4020 4105 4114 4129 4188
 4232 4301 4315 4390 4464 4493 4572 4573 4579 4588 4615 4622 4632 4651
 4672 4753 4779 4791 4885 4917 4925 4979",0.0
30,185.0,xgb,500.0,1.0,1.0,185.0,0.9607480589442503,"   2   14   34   58   67   76  101  139  174  180  205  269  278  288
  295  305  315  364  395  399  424  439  445  467  487  493  512  558
  576  579  592  616  649  668  678  699  757  803  865  934  985 1006
 1027 1032 1061 1073 1099 1108 1236 1257 1282 1296 1359 1377 1471 1479
 1495 1500 1523 1580 1588 1591 1618 1654 1663 1680 1695 1716 1762 1793
 1796 1821 1857 1870 1922 1934 1966 1983 2031 2040 2048 2051 2057 2068
 2077 2098 2101 2132 2141 2149 2169 2244 2330 2333 2367 2430 2485 2490
 2557 2571 2598 2641 2660 2662 2673 2695 2764 2781 2782 2783 2801 2805
 2808 2812 2814 2835 2856 2895 2904 2924 2926 2937 2945 2977 2982 3011
 3034 3051 3086 3097 3144 3196 3233 3238 3355 3374 3379 3385 3433 3468
 3506 3514 3520 3550 3609 3638 3642 3647 3650 3670 3700 3725 3746 3774
 3782 3845 3846 3847 3897 3959 4020 4105 4114 4129 4188 4232 4301 4315
 4390 4464 4493 4572 4573 4579 4588 4615 4632 4651 4672 4753 4779 4791
 4885 4917 4979",1.0
31,185.0,xgb,500.0,1.0,1.0,185.0,0.9602985312001688,"   2   14   34   58   67   76  101  139  174  180  205  269  278  288
  295  305  315  364  395  399  424  439  445  467  487  493  512  558
  576  579  592  616  649  668  678  699  757  803  865  934  985 1006
 1027 1032 1061 1073 1099 1108 1236 1257 1282 1296 1359 1377 1471 1479
 1495 1500 1523 1580 1588 1591 1618 1654 1663 1680 1695 1716 1762 1793
 1796 1821 1857 1870 1922 1934 1966 1983 2031 2040 2048 2051 2057 2068
 2077 2098 2101 2132 2141 2149 2169 2244 2330 2333 2367 2430 2485 2490
 2557 2571 2598 2641 2660 2662 2673 2695 2764 2781 2782 2783 2801 2805
 2808 2812 2814 2835 2856 2895 2904 2924 2926 2937 2945 2977 2982 3011
 3034 3051 3086 3097 3144 3196 3233 3238 3355 3374 3379 3385 3433 3468
 3506 3514 3520 3550 3609 3638 3642 3647 3650 3670 3700 3725 3746 3774
 3782 3845 3846 3847 3897 3959 4020 4105 4114 4129 4188 4232 4301 4315
 4390 4464 4493 4572 4573 4579 4588 4615 4632 4651 4672 4753 4779 4791
 4885 4917 4979",0.0
32,180.0,xgb,500.0,1.0,1.0,180.0,0.9624516391542647,"   2   14   34   58   67   76  101  139  174  180  269  278  288  295
  305  315  364  395  399  424  439  445  467  487  493  512  558  576
  592  616  649  678  699  757  803  865  934  985 1006 1027 1032 1061
 1073 1099 1108 1236 1257 1282 1296 1359 1377 1471 1479 1495 1500 1523
 1580 1588 1591 1618 1654 1663 1680 1695 1716 1762 1793 1796 1821 1857
 1870 1922 1934 1966 1983 2031 2040 2048 2051 2057 2068 2077 2098 2101
 2132 2141 2149 2169 2244 2330 2333 2367 2485 2490 2557 2571 2598 2641
 2660 2662 2673 2695 2764 2781 2782 2783 2801 2805 2808 2812 2814 2835
 2856 2895 2904 2924 2926 2937 2945 2977 2982 3011 3034 3051 3086 3097
 3144 3196 3233 3238 3355 3374 3379 3385 3433 3468 3506 3514 3520 3550
 3609 3638 3642 3647 3650 3670 3700 3725 3746 3774 3782 3845 3846 3847
 3897 3959 4020 4105 4114 4129 4188 4232 4301 4315 4390 4464 4572 4573
 4579 4588 4615 4632 4651 4672 4753 4779 4791 4885 4917 4979",1.0
33,180.0,xgb,500.0,1.0,1.0,180.0,0.96262472313168,"   2   14   34   58   67   76  101  139  174  180  269  278  288  295
  305  315  364  395  399  424  439  445  467  487  493  512  558  576
  592  616  649  678  699  757  803  865  934  985 1006 1027 1032 1061
 1073 1099 1108 1236 1257 1282 1296 1359 1377 1471 1479 1495 1500 1523
 1580 1588 1591 1618 1654 1663 1680 1695 1716 1762 1793 1796 1821 1857
 1870 1922 1934 1966 1983 2031 2040 2048 2051 2057 2068 2077 2098 2101
 2132 2141 2149 2169 2244 2330 2333 2367 2485 2490 2557 2571 2598 2641
 2660 2662 2673 2695 2764 2781 2782 2783 2801 2805 2808 2812 2814 2835
 2856 2895 2904 2924 2926 2937 2945 2977 2982 3011 3034 3051 3086 3097
 3144 3196 3233 3238 3355 3374 3379 3385 3433 3468 3506 3514 3520 3550
 3609 3638 3642 3647 3650 3670 3700 3725 3746 3774 3782 3845 3846 3847
 3897 3959 4020 4105 4114 4129 4188 4232 4301 4315 4390 4464 4572 4573
 4579 4588 4615 4632 4651 4672 4753 4779 4791 4885 4917 4979",0.0
34,175.0,xgb,500.0,1.0,1.0,175.0,0.9589716764434895,"   2   14   34   58   67   76  101  139  174  180  269  278  288  295
  305  315  364  395  399  424  439  445  467  487  493  512  558  576
  592  616  649  678  699  757  803  865  934  985 1006 1027 1032 1061
 1073 1099 1108 1236 1257 1282 1296 1359 1377 1471 1479 1495 1500 1523
 1580 1588 1591 1618 1654 1663 1680 1695 1716 1762 1793 1796 1857 1870
 1922 1934 1966 1983 2031 2040 2048 2051 2057 2068 2077 2098 2101 2132
 2141 2149 2169 2244 2330 2333 2367 2485 2490 2557 2641 2660 2662 2673
 2695 2764 2781 2782 2783 2801 2805 2808 2812 2814 2835 2856 2895 2904
 2924 2926 2937 2945 2977 2982 3011 3034 3051 3086 3097 3144 3196 3233
 3238 3355 3374 3379 3385 3433 3468 3506 3514 3520 3550 3609 3638 3642
 3647 3650 3670 3700 3725 3746 3774 3782 3845 3846 3847 3897 3959 4020
 4105 4114 4188 4232 4301 4315 4464 4572 4573 4579 4588 4615 4632 4651
 4672 4753 4779 4791 4885 4917 4979",1.0
35,175.0,xgb,500.0,1.0,1.0,175.0,0.9595983495515851,"   2   14   34   58   67   76  101  139  174  180  269  278  288  295
  305  315  364  395  399  424  439  445  467  487  493  512  558  576
  592  616  649  678  699  757  803  865  934  985 1006 1027 1032 1061
 1073 1099 1108 1236 1257 1282 1296 1359 1377 1471 1479 1495 1500 1523
 1580 1588 1591 1618 1654 1663 1680 1695 1716 1762 1793 1796 1857 1870
 1922 1934 1966 1983 2031 2040 2048 2051 2057 2068 2077 2098 2101 2132
 2141 2149 2169 2244 2330 2333 2367 2485 2490 2557 2641 2660 2662 2673
 2695 2764 2781 2782 2783 2801 2805 2808 2812 2814 2835 2856 2895 2904
 2924 2926 2937 2945 2977 2982 3011 3034 3051 3086 3097 3144 3196 3233
 3238 3355 3374 3379 3385 3433 3468 3506 3514 3520 3550 3609 3638 3642
 3647 3650 3670 3700 3725 3746 3774 3782 3845 3846 3847 3897 3959 4020
 4105 4114 4188 4232 4301 4315 4464 4572 4573 4579 4588 4615 4632 4651
 4672 4753 4779 4791 4885 4917 4979",0.0
36,170.0,xgb,500.0,1.0,1.0,170.0,0.9626464306617752,"   2   14   34   58   67   76  101  139  174  180  269  278  288  295
  305  315  364  399  424  439  445  467  487  493  558  576  592  616
  649  678  699  757  803  865  934  985 1006 1027 1032 1061 1073 1099
 1108 1257 1282 1296 1359 1377 1471 1479 1495 1500 1523 1580 1588 1591
 1618 1654 1663 1680 1695 1716 1762 1793 1796 1857 1870 1922 1934 1966
 1983 2031 2040 2048 2051 2057 2068 2077 2098 2101 2132 2141 2149 2169
 2244 2330 2333 2367 2485 2490 2557 2641 2660 2662 2673 2695 2764 2781
 2782 2783 2801 2805 2808 2814 2835 2856 2895 2904 2924 2926 2937 2945
 2977 2982 3011 3034 3051 3086 3097 3144 3196 3233 3238 3355 3374 3379
 3433 3468 3506 3514 3520 3550 3609 3638 3642 3647 3650 3670 3700 3725
 3746 3774 3782 3845 3846 3847 3897 3959 4020 4105 4114 4188 4232 4301
 4315 4464 4572 4573 4579 4588 4615 4632 4651 4672 4753 4779 4791 4885
 4917 4979",1.0
37,170.0,xgb,500.0,1.0,1.0,170.0,0.9626411820049988,"   2   14   34   58   67   76  101  139  174  180  269  278  288  295
  305  315  364  399  424  439  445  467  487  493  558  576  592  616
  649  678  699  757  803  865  934  985 1006 1027 1032 1061 1073 1099
 1108 1257 1282 1296 1359 1377 1471 1479 1495 1500 1523 1580 1588 1591
 1618 1654 1663 1680 1695 1716 1762 1793 1796 1857 1870 1922 1934 1966
 1983 2031 2040 2048 2051 2057 2068 2077 2098 2101 2132 2141 2149 2169
 2244 2330 2333 2367 2485 2490 2557 2641 2660 2662 2673 2695 2764 2781
 2782 2783 2801 2805 2808 2814 2835 2856 2895 2904 2924 2926 2937 2945
 2977 2982 3011 3034 3051 3086 3097 3144 3196 3233 3238 3355 3374 3379
 3433 3468 3506 3514 3520 3550 3609 3638 3642 3647 3650 3670 3700 3725
 3746 3774 3782 3845 3846 3847 3897 3959 4020 4105 4114 4188 4232 4301
 4315 4464 4572 4573 4579 4588 4615 4632 4651 4672 4753 4779 4791 4885
 4917 4979",0.0
38,165.0,xgb,500.0,1.0,1.0,165.0,0.9605698254067507,"   2   14   34   58   67   76  101  139  174  180  269  278  288  295
  305  315  364  399  424  439  445  467  487  493  558  576  592  616
  649  678  699  757  803  865  934  985 1006 1027 1032 1061 1073 1099
 1108 1257 1282 1296 1359 1377 1471 1479 1495 1500 1523 1580 1588 1591
 1618 1654 1663 1680 1695 1716 1762 1793 1796 1857 1870 1922 1934 1966
 1983 2031 2048 2051 2057 2068 2077 2098 2101 2132 2141 2149 2169 2244
 2330 2333 2367 2485 2490 2557 2660 2673 2695 2764 2781 2782 2783 2801
 2805 2808 2814 2835 2856 2895 2904 2924 2926 2945 2977 2982 3011 3034
 3051 3086 3097 3144 3196 3233 3238 3355 3374 3379 3433 3468 3506 3514
 3520 3550 3609 3638 3642 3647 3650 3670 3700 3725 3746 3774 3782 3845
 3846 3847 3897 4020 4105 4114 4188 4232 4301 4315 4464 4572 4573 4579
 4588 4615 4632 4651 4672 4753 4779 4791 4885 4917 4979",1.0
39,165.0,xgb,500.0,1.0,1.0,165.0,0.9608641649795311,"   2   14   34   58   67   76  101  139  174  180  269  278  288  295
  305  315  364  399  424  439  445  467  487  493  558  576  592  616
  649  678  699  757  803  865  934  985 1006 1027 1032 1061 1073 1099
 1108 1257 1282 1296 1359 1377 1471 1479 1495 1500 1523 1580 1588 1591
 1618 1654 1663 1680 1695 1716 1762 1793 1796 1857 1870 1922 1934 1966
 1983 2031 2048 2051 2057 2068 2077 2098 2101 2132 2141 2149 2169 2244
 2330 2333 2367 2485 2490 2557 2660 2673 2695 2764 2781 2782 2783 2801
 2805 2808 2814 2835 2856 2895 2904 2924 2926 2945 2977 2982 3011 3034
 3051 3086 3097 3144 3196 3233 3238 3355 3374 3379 3433 3468 3506 3514
 3520 3550 3609 3638 3642 3647 3650 3670 3700 3725 3746 3774 3782 3845
 3846 3847 3897 4020 4105 4114 4188 4232 4301 4315 4464 4572 4573 4579
 4588 4615 4632 4651 4672 4753 4779 4791 4885 4917 4979",0.0
40,160.0,xgb,500.0,1.0,1.0,160.0,0.9602370004911958,"   2   14   34   58   67   76  101  139  174  180  269  278  288  295
  305  315  364  399  424  439  445  467  487  493  558  576  592  616
  649  678  699  757  803  865  934  985 1006 1027 1032 1061 1073 1099
 1108 1257 1282 1296 1359 1377 1471 1479 1495 1500 1523 1580 1588 1591
 1618 1654 1663 1680 1695 1716 1793 1796 1857 1870 1922 1934 1966 1983
 2031 2048 2051 2057 2068 2077 2098 2101 2132 2141 2149 2169 2244 2330
 2367 2485 2490 2557 2660 2673 2695 2764 2781 2782 2783 2801 2805 2808
 2814 2835 2856 2895 2904 2924 2926 2945 2977 2982 3011 3034 3051 3086
 3097 3144 3196 3238 3355 3374 3379 3433 3468 3506 3514 3520 3550 3609
 3638 3642 3650 3670 3700 3725 3746 3774 3782 3845 3846 3847 3897 4020
 4105 4114 4188 4232 4301 4315 4464 4572 4573 4579 4588 4615 4632 4651
 4672 4753 4779 4791 4917 4979",1.0
41,160.0,xgb,500.0,1.0,1.0,160.0,0.9592126151175447,"   2   14   34   58   67   76  101  139  174  180  269  278  288  295
  305  315  364  399  424  439  445  467  487  493  558  576  592  616
  649  678  699  757  803  865  934  985 1006 1027 1032 1061 1073 1099
 1108 1257 1282 1296 1359 1377 1471 1479 1495 1500 1523 1580 1588 1591
 1618 1654 1663 1680 1695 1716 1793 1796 1857 1870 1922 1934 1966 1983
 2031 2048 2051 2057 2068 2077 2098 2101 2132 2141 2149 2169 2244 2330
 2367 2485 2490 2557 2660 2673 2695 2764 2781 2782 2783 2801 2805 2808
 2814 2835 2856 2895 2904 2924 2926 2945 2977 2982 3011 3034 3051 3086
 3097 3144 3196 3238 3355 3374 3379 3433 3468 3506 3514 3520 3550 3609
 3638 3642 3650 3670 3700 3725 3746 3774 3782 3845 3846 3847 3897 4020
 4105 4114 4188 4232 4301 4315 4464 4572 4573 4579 4588 4615 4632 4651
 4672 4753 4779 4791 4917 4979",0.0
42,155.0,xgb,500.0,1.0,1.0,155.0,0.959256153189941,"   2   14   34   58   67   76  101  139  174  180  269  278  288  295
  305  315  364  424  439  445  467  487  493  558  576  592  616  649
  678  699  757  803  865  934  985 1006 1027 1032 1061 1073 1099 1108
 1257 1282 1296 1359 1377 1471 1479 1495 1500 1523 1580 1588 1591 1618
 1654 1663 1680 1695 1716 1793 1796 1857 1870 1922 1934 1966 1983 2031
 2048 2051 2057 2068 2077 2098 2132 2141 2149 2169 2244 2330 2367 2485
 2490 2557 2660 2673 2695 2764 2781 2782 2783 2801 2805 2808 2814 2835
 2856 2895 2924 2926 2945 2977 2982 3034 3051 3097 3144 3196 3238 3355
 3374 3379 3433 3468 3506 3514 3520 3550 3609 3638 3642 3650 3670 3700
 3725 3746 3774 3782 3845 3846 3847 3897 4020 4105 4114 4188 4232 4301
 4315 4464 4572 4573 4579 4588 4615 4632 4651 4672 4753 4779 4791 4917
 4979",1.0
43,155.0,xgb,500.0,1.0,1.0,155.0,0.9595313162176773,"   2   14   34   58   67   76  101  139  174  180  269  278  288  295
  305  315  364  424  439  445  467  487  493  558  576  592  616  649
  678  699  757  803  865  934  985 1006 1027 1032 1061 1073 1099 1108
 1257 1282 1296 1359 1377 1471 1479 1495 1500 1523 1580 1588 1591 1618
 1654 1663 1680 1695 1716 1793 1796 1857 1870 1922 1934 1966 1983 2031
 2048 2051 2057 2068 2077 2098 2132 2141 2149 2169 2244 2330 2367 2485
 2490 2557 2660 2673 2695 2764 2781 2782 2783 2801 2805 2808 2814 2835
 2856 2895 2924 2926 2945 2977 2982 3034 3051 3097 3144 3196 3238 3355
 3374 3379 3433 3468 3506 3514 3520 3550 3609 3638 3642 3650 3670 3700
 3725 3746 3774 3782 3845 3846 3847 3897 4020 4105 4114 4188 4232 4301
 4315 4464 4572 4573 4579 4588 4615 4632 4651 4672 4753 4779 4791 4917
 4979",0.0
44,150.0,xgb,500.0,1.0,1.0,150.0,0.9565454794355164,"   2   14   34   58   67   76  101  139  174  180  269  278  288  295
  305  315  364  424  439  445  467  487  493  558  576  592  616  649
  678  699  757  803  865  934  985 1006 1027 1032 1061 1073 1099 1108
 1257 1282 1296 1359 1377 1471 1479 1495 1500 1523 1580 1588 1591 1618
 1654 1663 1680 1695 1716 1793 1796 1857 1870 1922 1934 1966 1983 2031
 2048 2051 2057 2068 2077 2098 2132 2141 2149 2169 2330 2367 2485 2490
 2557 2660 2695 2764 2781 2782 2783 2801 2805 2808 2814 2835 2856 2895
 2924 2926 2945 2977 2982 3034 3051 3097 3144 3196 3355 3374 3379 3433
 3468 3514 3520 3550 3609 3638 3642 3650 3670 3700 3725 3746 3774 3782
 3845 3846 3847 3897 4020 4105 4114 4188 4232 4301 4315 4464 4572 4573
 4588 4615 4632 4651 4672 4753 4779 4791 4917 4979",1.0
45,150.0,xgb,500.0,1.0,1.0,150.0,0.9573832882973443,"   2   14   34   58   67   76  101  139  174  180  269  278  288  295
  305  315  364  424  439  445  467  487  493  558  576  592  616  649
  678  699  757  803  865  934  985 1006 1027 1032 1061 1073 1099 1108
 1257 1282 1296 1359 1377 1471 1479 1495 1500 1523 1580 1588 1591 1618
 1654 1663 1680 1695 1716 1793 1796 1857 1870 1922 1934 1966 1983 2031
 2048 2051 2057 2068 2077 2098 2132 2141 2149 2169 2330 2367 2485 2490
 2557 2660 2695 2764 2781 2782 2783 2801 2805 2808 2814 2835 2856 2895
 2924 2926 2945 2977 2982 3034 3051 3097 3144 3196 3355 3374 3379 3433
 3468 3514 3520 3550 3609 3638 3642 3650 3670 3700 3725 3746 3774 3782
 3845 3846 3847 3897 4020 4105 4114 4188 4232 4301 4315 4464 4572 4573
 4588 4615 4632 4651 4672 4753 4779 4791 4917 4979",0.0
46,145.0,xgb,500.0,1.0,1.0,145.0,0.959999101964885,"  14   34   58   67   76  101  139  174  180  269  278  288  295  305
  315  364  424  439  445  467  487  493  558  576  592  616  649  678
  699  757  803  865  934  985 1027 1032 1061 1073 1099 1108 1257 1282
 1296 1377 1471 1479 1495 1500 1523 1580 1588 1591 1618 1654 1663 1680
 1695 1716 1793 1796 1857 1870 1922 1934 1966 1983 2048 2051 2057 2068
 2077 2098 2132 2141 2149 2169 2330 2367 2485 2490 2557 2660 2695 2764
 2781 2782 2783 2801 2805 2808 2814 2835 2856 2924 2926 2945 2977 2982
 3034 3051 3097 3144 3196 3355 3374 3379 3433 3468 3514 3520 3550 3609
 3638 3642 3650 3670 3700 3725 3746 3774 3782 3845 3846 3847 3897 4020
 4105 4114 4188 4232 4301 4315 4464 4572 4573 4588 4615 4632 4651 4672
 4753 4779 4791 4917 4979",1.0
47,145.0,xgb,500.0,1.0,1.0,145.0,0.9593982852724843,"  14   34   58   67   76  101  139  174  180  269  278  288  295  305
  315  364  424  439  445  467  487  493  558  576  592  616  649  678
  699  757  803  865  934  985 1027 1032 1061 1073 1099 1108 1257 1282
 1296 1377 1471 1479 1495 1500 1523 1580 1588 1591 1618 1654 1663 1680
 1695 1716 1793 1796 1857 1870 1922 1934 1966 1983 2048 2051 2057 2068
 2077 2098 2132 2141 2149 2169 2330 2367 2485 2490 2557 2660 2695 2764
 2781 2782 2783 2801 2805 2808 2814 2835 2856 2924 2926 2945 2977 2982
 3034 3051 3097 3144 3196 3355 3374 3379 3433 3468 3514 3520 3550 3609
 3638 3642 3650 3670 3700 3725 3746 3774 3782 3845 3846 3847 3897 4020
 4105 4114 4188 4232 4301 4315 4464 4572 4573 4588 4615 4632 4651 4672
 4753 4779 4791 4917 4979",0.0
48,140.0,xgb,500.0,1.0,1.0,140.0,0.9589444912242844,"  14   34   58   67   76  101  139  174  180  269  278  288  295  305
  315  364  424  439  445  467  487  493  558  576  592  616  649  678
  699  757  803  865  934  985 1027 1032 1061 1073 1099 1108 1257 1282
 1296 1377 1471 1479 1495 1500 1523 1580 1588 1591 1618 1654 1663 1680
 1695 1716 1793 1796 1857 1870 1922 1934 1966 1983 2048 2051 2057 2068
 2077 2098 2141 2149 2330 2367 2485 2490 2557 2660 2764 2781 2782 2783
 2801 2805 2808 2814 2835 2856 2924 2926 2945 2977 2982 3034 3051 3097
 3144 3196 3355 3374 3379 3468 3514 3520 3550 3609 3638 3642 3650 3670
 3700 3725 3746 3774 3782 3845 3846 3847 3897 4020 4105 4114 4188 4232
 4301 4315 4464 4572 4573 4588 4615 4632 4651 4672 4753 4779 4791 4917",1.0
49,140.0,xgb,500.0,1.0,1.0,140.0,0.9594311420223569,"  14   34   58   67   76  101  139  174  180  269  278  288  295  305
  315  364  424  439  445  467  487  493  558  576  592  616  649  678
  699  757  803  865  934  985 1027 1032 1061 1073 1099 1108 1257 1282
 1296 1377 1471 1479 1495 1500 1523 1580 1588 1591 1618 1654 1663 1680
 1695 1716 1793 1796 1857 1870 1922 1934 1966 1983 2048 2051 2057 2068
 2077 2098 2141 2149 2330 2367 2485 2490 2557 2660 2764 2781 2782 2783
 2801 2805 2808 2814 2835 2856 2924 2926 2945 2977 2982 3034 3051 3097
 3144 3196 3355 3374 3379 3468 3514 3520 3550 3609 3638 3642 3650 3670
 3700 3725 3746 3774 3782 3845 3846 3847 3897 4020 4105 4114 4188 4232
 4301 4315 4464 4572 4573 4588 4615 4632 4651 4672 4753 4779 4791 4917",0.0
50,135.0,xgb,500.0,1.0,1.0,135.0,0.9592969713945674,"  14   34   58   67   76  139  174  180  269  278  288  295  305  315
  364  424  445  467  487  493  558  576  592  616  649  678  757  803
  865  934 1027 1032 1061 1073 1099 1108 1257 1282 1296 1377 1471 1479
 1495 1500 1523 1580 1588 1591 1618 1654 1663 1680 1695 1716 1793 1796
 1857 1870 1922 1934 1966 1983 2048 2051 2057 2068 2077 2098 2141 2149
 2330 2367 2485 2490 2557 2660 2764 2781 2782 2783 2801 2805 2808 2814
 2835 2856 2924 2926 2945 2977 2982 3034 3051 3097 3144 3196 3355 3374
 3379 3468 3514 3520 3550 3609 3638 3642 3650 3670 3700 3725 3746 3774
 3782 3845 3846 3847 3897 4020 4105 4188 4232 4301 4315 4464 4572 4573
 4588 4615 4632 4651 4672 4753 4779 4791 4917",1.0
51,135.0,xgb,500.0,1.0,1.0,135.0,0.9593856727165267,"  14   34   58   67   76  139  174  180  269  278  288  295  305  315
  364  424  445  467  487  493  558  576  592  616  649  678  757  803
  865  934 1027 1032 1061 1073 1099 1108 1257 1282 1296 1377 1471 1479
 1495 1500 1523 1580 1588 1591 1618 1654 1663 1680 1695 1716 1793 1796
 1857 1870 1922 1934 1966 1983 2048 2051 2057 2068 2077 2098 2141 2149
 2330 2367 2485 2490 2557 2660 2764 2781 2782 2783 2801 2805 2808 2814
 2835 2856 2924 2926 2945 2977 2982 3034 3051 3097 3144 3196 3355 3374
 3379 3468 3514 3520 3550 3609 3638 3642 3650 3670 3700 3725 3746 3774
 3782 3845 3846 3847 3897 4020 4105 4188 4232 4301 4315 4464 4572 4573
 4588 4615 4632 4651 4672 4753 4779 4791 4917",0.0
52,130.0,xgb,500.0,1.0,1.0,130.0,0.9582355265623874,"  14   34   58   67   76  139  174  180  269  278  288  295  305  315
  364  424  445  467  487  493  558  576  592  616  649  678  757  803
  865  934 1027 1032 1061 1073 1099 1108 1282 1296 1377 1471 1479 1495
 1500 1523 1580 1588 1591 1618 1654 1663 1680 1695 1716 1793 1796 1870
 1922 1934 1966 1983 2048 2051 2057 2068 2077 2098 2141 2149 2330 2367
 2485 2490 2557 2660 2764 2781 2782 2783 2801 2805 2808 2814 2835 2856
 2924 2926 2945 2977 2982 3034 3051 3097 3144 3196 3355 3374 3379 3468
 3520 3550 3609 3638 3650 3670 3700 3725 3746 3774 3782 3845 3846 3847
 3897 4020 4105 4188 4232 4301 4315 4464 4572 4573 4588 4615 4651 4672
 4753 4779 4791 4917",1.0
53,130.0,xgb,500.0,1.0,1.0,130.0,0.9576222270887372,"  14   34   58   67   76  139  174  180  269  278  288  295  305  315
  364  424  445  467  487  493  558  576  592  616  649  678  757  803
  865  934 1027 1032 1061 1073 1099 1108 1282 1296 1377 1471 1479 1495
 1500 1523 1580 1588 1591 1618 1654 1663 1680 1695 1716 1793 1796 1870
 1922 1934 1966 1983 2048 2051 2057 2068 2077 2098 2141 2149 2330 2367
 2485 2490 2557 2660 2764 2781 2782 2783 2801 2805 2808 2814 2835 2856
 2924 2926 2945 2977 2982 3034 3051 3097 3144 3196 3355 3374 3379 3468
 3520 3550 3609 3638 3650 3670 3700 3725 3746 3774 3782 3845 3846 3847
 3897 4020 4105 4188 4232 4301 4315 4464 4572 4573 4588 4615 4651 4672
 4753 4779 4791 4917",0.0
54,125.0,xgb,500.0,1.0,1.0,125.0,0.961828718383185,"  14   34   58   67   76  139  174  180  269  278  288  295  305  315
  364  424  445  467  487  493  558  576  616  649  678  757  803  865
  934 1027 1032 1061 1073 1099 1108 1282 1296 1377 1471 1479 1495 1500
 1523 1580 1588 1591 1618 1654 1695 1716 1793 1796 1870 1922 1934 1983
 2048 2051 2057 2068 2077 2098 2141 2149 2330 2367 2485 2490 2557 2660
 2764 2781 2782 2783 2801 2805 2808 2835 2856 2924 2926 2945 2977 2982
 3034 3051 3097 3144 3196 3355 3374 3379 3468 3520 3550 3609 3638 3650
 3670 3700 3725 3746 3774 3782 3845 3846 3847 3897 4020 4105 4188 4232
 4301 4315 4464 4572 4573 4588 4615 4651 4672 4753 4779 4791 4917",1.0
55,125.0,xgb,500.0,1.0,1.0,125.0,0.9609194135005881,"  14   34   58   67   76  139  174  180  269  278  288  295  305  315
  364  424  445  467  487  493  558  576  616  649  678  757  803  865
  934 1027 1032 1061 1073 1099 1108 1282 1296 1377 1471 1479 1495 1500
 1523 1580 1588 1591 1618 1654 1695 1716 1793 1796 1870 1922 1934 1983
 2048 2051 2057 2068 2077 2098 2141 2149 2330 2367 2485 2490 2557 2660
 2764 2781 2782 2783 2801 2805 2808 2835 2856 2924 2926 2945 2977 2982
 3034 3051 3097 3144 3196 3355 3374 3379 3468 3520 3550 3609 3638 3650
 3670 3700 3725 3746 3774 3782 3845 3846 3847 3897 4020 4105 4188 4232
 4301 4315 4464 4572 4573 4588 4615 4651 4672 4753 4779 4791 4917",0.0
56,120.0,xgb,500.0,1.0,1.0,120.0,0.9565182522393657,"  14   34   58   67   76  139  174  180  269  278  288  295  315  364
  424  445  467  487  493  558  576  616  649  678  757  865  934 1027
 1032 1061 1073 1099 1108 1282 1296 1377 1471 1479 1495 1500 1523 1580
 1591 1618 1654 1695 1716 1793 1796 1870 1922 1934 1983 2048 2051 2057
 2077 2098 2141 2149 2330 2367 2485 2490 2557 2660 2764 2781 2782 2783
 2801 2805 2808 2835 2856 2924 2926 2945 2977 2982 3034 3051 3097 3196
 3355 3374 3379 3468 3520 3550 3609 3638 3650 3670 3700 3725 3746 3774
 3782 3845 3846 3847 3897 4020 4105 4188 4232 4301 4315 4464 4572 4573
 4588 4615 4651 4672 4753 4779 4791 4917",1.0
57,120.0,xgb,500.0,1.0,1.0,120.0,0.9576402809956092,"  14   34   58   67   76  139  174  180  269  278  288  295  315  364
  424  445  467  487  493  558  576  616  649  678  757  865  934 1027
 1032 1061 1073 1099 1108 1282 1296 1377 1471 1479 1495 1500 1523 1580
 1591 1618 1654 1695 1716 1793 1796 1870 1922 1934 1983 2048 2051 2057
 2077 2098 2141 2149 2330 2367 2485 2490 2557 2660 2764 2781 2782 2783
 2801 2805 2808 2835 2856 2924 2926 2945 2977 2982 3034 3051 3097 3196
 3355 3374 3379 3468 3520 3550 3609 3638 3650 3670 3700 3725 3746 3774
 3782 3845 3846 3847 3897 4020 4105 4188 4232 4301 4315 4464 4572 4573
 4588 4615 4651 4672 4753 4779 4791 4917",0.0
58,115.0,xgb,500.0,1.0,1.0,115.0,0.9584300251487153,"  14   34   58   67   76  174  180  269  278  288  295  315  364  424
  445  467  487  493  558  576  616  649  678  757  865  934 1027 1032
 1061 1073 1099 1108 1282 1296 1471 1479 1495 1500 1523 1580 1591 1618
 1654 1695 1716 1793 1796 1870 1922 1934 1983 2048 2051 2057 2077 2098
 2141 2149 2330 2367 2485 2490 2557 2660 2764 2781 2782 2783 2801 2805
 2808 2835 2856 2924 2926 2977 2982 3034 3051 3097 3196 3355 3374 3379
 3520 3550 3609 3638 3650 3670 3700 3725 3746 3774 3782 3845 3846 3847
 3897 4020 4105 4188 4232 4301 4315 4464 4572 4573 4588 4615 4651 4672
 4753 4779 4791",1.0
59,115.0,xgb,500.0,1.0,1.0,115.0,0.9569562216866292,"  14   34   58   67   76  174  180  269  278  288  295  315  364  424
  445  467  487  493  558  576  616  649  678  757  865  934 1027 1032
 1061 1073 1099 1108 1282 1296 1471 1479 1495 1500 1523 1580 1591 1618
 1654 1695 1716 1793 1796 1870 1922 1934 1983 2048 2051 2057 2077 2098
 2141 2149 2330 2367 2485 2490 2557 2660 2764 2781 2782 2783 2801 2805
 2808 2835 2856 2924 2926 2977 2982 3034 3051 3097 3196 3355 3374 3379
 3520 3550 3609 3638 3650 3670 3700 3725 3746 3774 3782 3845 3846 3847
 3897 4020 4105 4188 4232 4301 4315 4464 4572 4573 4588 4615 4651 4672
 4753 4779 4791",0.0
60,110.0,xgb,500.0,1.0,1.0,110.0,0.9569144810507808,"  14   34   58   67   76  174  180  269  278  288  295  315  364  424
  445  467  487  493  558  576  616  649  678  757  865  934 1027 1032
 1061 1073 1099 1108 1282 1296 1471 1479 1500 1523 1580 1591 1618 1654
 1695 1716 1793 1796 1870 1922 1983 2048 2051 2057 2077 2098 2149 2330
 2367 2485 2490 2557 2660 2764 2781 2782 2783 2801 2805 2808 2835 2856
 2924 2926 2977 2982 3034 3051 3097 3196 3355 3374 3379 3520 3550 3609
 3638 3670 3700 3725 3746 3774 3782 3845 3846 3847 3897 4020 4105 4188
 4232 4301 4315 4464 4572 4573 4615 4651 4672 4753 4779 4791",1.0
61,110.0,xgb,500.0,1.0,1.0,110.0,0.9564957401484584,"  14   34   58   67   76  174  180  269  278  288  295  315  364  424
  445  467  487  493  558  576  616  649  678  757  865  934 1027 1032
 1061 1073 1099 1108 1282 1296 1471 1479 1500 1523 1580 1591 1618 1654
 1695 1716 1793 1796 1870 1922 1983 2048 2051 2057 2077 2098 2149 2330
 2367 2485 2490 2557 2660 2764 2781 2782 2783 2801 2805 2808 2835 2856
 2924 2926 2977 2982 3034 3051 3097 3196 3355 3374 3379 3520 3550 3609
 3638 3670 3700 3725 3746 3774 3782 3845 3846 3847 3897 4020 4105 4188
 4232 4301 4315 4464 4572 4573 4615 4651 4672 4753 4779 4791",0.0
62,105.0,xgb,500.0,1.0,1.0,105.0,0.9579087348302714,"  14   34   58   67   76  174  180  269  278  288  295  364  424  445
  487  493  558  576  616  649  678  757  865  934 1027 1032 1061 1073
 1099 1108 1282 1296 1471 1479 1500 1523 1580 1591 1618 1654 1695 1716
 1793 1796 1870 1922 1983 2051 2057 2077 2098 2149 2330 2367 2485 2490
 2660 2764 2781 2782 2783 2801 2805 2808 2835 2856 2924 2926 2977 2982
 3034 3051 3097 3196 3355 3374 3379 3520 3550 3609 3638 3670 3700 3725
 3746 3774 3782 3845 3846 3847 3897 4020 4105 4188 4232 4301 4315 4464
 4572 4573 4615 4651 4672 4753 4779",1.0
63,105.0,xgb,500.0,1.0,1.0,105.0,0.9577244355596667,"  14   34   58   67   76  174  180  269  278  288  295  364  424  445
  487  493  558  576  616  649  678  757  865  934 1027 1032 1061 1073
 1099 1108 1282 1296 1471 1479 1500 1523 1580 1591 1618 1654 1695 1716
 1793 1796 1870 1922 1983 2051 2057 2077 2098 2149 2330 2367 2485 2490
 2660 2764 2781 2782 2783 2801 2805 2808 2835 2856 2924 2926 2977 2982
 3034 3051 3097 3196 3355 3374 3379 3520 3550 3609 3638 3670 3700 3725
 3746 3774 3782 3845 3846 3847 3897 4020 4105 4188 4232 4301 4315 4464
 4572 4573 4615 4651 4672 4753 4779",0.0
64,100.0,xgb,500.0,1.0,1.0,100.0,0.9521751524854288,"  14   58   67   76  174  180  269  278  288  295  364  424  445  487
  493  558  576  616  649  678  757  865  934 1027 1032 1061 1073 1099
 1108 1296 1471 1479 1500 1523 1580 1591 1618 1654 1695 1716 1793 1796
 1870 1922 1983 2051 2077 2098 2149 2330 2367 2485 2490 2660 2764 2781
 2783 2801 2805 2808 2835 2856 2924 2977 2982 3034 3051 3097 3196 3355
 3374 3379 3520 3550 3609 3638 3670 3700 3725 3746 3774 3782 3845 3846
 3847 3897 4020 4105 4188 4232 4301 4315 4464 4572 4573 4615 4651 4672
 4753 4779",1.0
65,100.0,xgb,500.0,1.0,1.0,100.0,0.9531875357439056,"  14   58   67   76  174  180  269  278  288  295  364  424  445  487
  493  558  576  616  649  678  757  865  934 1027 1032 1061 1073 1099
 1108 1296 1471 1479 1500 1523 1580 1591 1618 1654 1695 1716 1793 1796
 1870 1922 1983 2051 2077 2098 2149 2330 2367 2485 2490 2660 2764 2781
 2783 2801 2805 2808 2835 2856 2924 2977 2982 3034 3051 3097 3196 3355
 3374 3379 3520 3550 3609 3638 3670 3700 3725 3746 3774 3782 3845 3846
 3847 3897 4020 4105 4188 4232 4301 4315 4464 4572 4573 4615 4651 4672
 4753 4779",0.0
66,95.0,xgb,500.0,1.0,1.0,95.0,0.9551354692020798,"  14   58   67   76  174  180  269  278  288  295  364  424  445  487
  493  558  576  616  649  678  757  865  934 1027 1032 1061 1073 1099
 1108 1296 1471 1479 1500 1523 1580 1591 1618 1654 1695 1716 1793 1796
 1870 1922 1983 2051 2098 2149 2330 2485 2490 2660 2764 2781 2783 2801
 2805 2808 2835 2856 2924 2977 2982 3034 3051 3097 3196 3355 3379 3520
 3550 3609 3638 3670 3700 3725 3746 3774 3782 3845 3846 3847 3897 4105
 4188 4232 4301 4464 4572 4573 4615 4651 4672 4753 4779",1.0
67,95.0,xgb,500.0,1.0,1.0,95.0,0.9543065242687494,"  14   58   67   76  174  180  269  278  288  295  364  424  445  487
  493  558  576  616  649  678  757  865  934 1027 1032 1061 1073 1099
 1108 1296 1471 1479 1500 1523 1580 1591 1618 1654 1695 1716 1793 1796
 1870 1922 1983 2051 2098 2149 2330 2485 2490 2660 2764 2781 2783 2801
 2805 2808 2835 2856 2924 2977 2982 3034 3051 3097 3196 3355 3379 3520
 3550 3609 3638 3670 3700 3725 3746 3774 3782 3845 3846 3847 3897 4105
 4188 4232 4301 4464 4572 4573 4615 4651 4672 4753 4779",0.0
68,90.0,xgb,500.0,1.0,1.0,90.0,0.9518999949619971,"  14   58   67   76  180  269  278  288  364  424  445  487  493  558
  576  649  678  757  865  934 1027 1032 1061 1073 1099 1108 1296 1471
 1479 1500 1523 1580 1591 1618 1654 1695 1716 1793 1796 1870 1922 1983
 2051 2098 2149 2330 2485 2490 2660 2764 2781 2783 2801 2805 2808 2835
 2856 2924 2977 2982 3034 3051 3097 3196 3355 3379 3520 3550 3609 3638
 3670 3725 3746 3774 3782 3845 3846 3847 3897 4105 4188 4232 4301 4464
 4572 4615 4651 4672 4753 4779",1.0
69,90.0,xgb,500.0,1.0,1.0,90.0,0.9518003685319769,"  14   58   67   76  180  269  278  288  364  424  445  487  493  558
  576  649  678  757  865  934 1027 1032 1061 1073 1099 1108 1296 1471
 1479 1500 1523 1580 1591 1618 1654 1695 1716 1793 1796 1870 1922 1983
 2051 2098 2149 2330 2485 2490 2660 2764 2781 2783 2801 2805 2808 2835
 2856 2924 2977 2982 3034 3051 3097 3196 3355 3379 3520 3550 3609 3638
 3670 3725 3746 3774 3782 3845 3846 3847 3897 4105 4188 4232 4301 4464
 4572 4615 4651 4672 4753 4779",0.0
70,85.0,xgb,500.0,1.0,1.0,85.0,0.9501216375749166,"  14   58   67   76  180  269  278  288  364  424  445  487  493  558
  576  649  678  757  865  934 1027 1032 1061 1073 1099 1108 1296 1471
 1479 1500 1523 1580 1591 1618 1695 1716 1793 1796 1870 1922 1983 2051
 2098 2149 2330 2490 2660 2764 2781 2783 2801 2805 2808 2835 2856 2924
 2977 2982 3034 3051 3097 3196 3355 3379 3520 3550 3609 3638 3670 3725
 3746 3774 3782 3845 3847 3897 4105 4188 4232 4301 4464 4615 4672 4753
 4779",1.0
71,85.0,xgb,500.0,1.0,1.0,85.0,0.9501920080005946,"  14   58   67   76  180  269  278  288  364  424  445  487  493  558
  576  649  678  757  865  934 1027 1032 1061 1073 1099 1108 1296 1471
 1479 1500 1523 1580 1591 1618 1695 1716 1793 1796 1870 1922 1983 2051
 2098 2149 2330 2490 2660 2764 2781 2783 2801 2805 2808 2835 2856 2924
 2977 2982 3034 3051 3097 3196 3355 3379 3520 3550 3609 3638 3670 3725
 3746 3774 3782 3845 3847 3897 4105 4188 4232 4301 4464 4615 4672 4753
 4779",0.0
72,80.0,xgb,500.0,1.0,1.0,80.0,0.9454155983969119,"  14   58   67   76  180  269  278  288  364  424  445  487  493  558
  576  649  678  757  865 1027 1032 1061 1073 1099 1296 1471 1479 1500
 1523 1580 1591 1618 1695 1716 1793 1796 1870 1922 2098 2149 2330 2490
 2764 2781 2783 2801 2805 2808 2835 2856 2924 2977 2982 3034 3051 3097
 3196 3355 3379 3520 3550 3609 3638 3670 3725 3746 3774 3782 3845 3847
 3897 4105 4188 4232 4301 4464 4615 4672 4753 4779",1.0
73,80.0,xgb,500.0,1.0,1.0,80.0,0.944123330768497,"  14   58   67   76  180  269  278  288  364  424  445  487  493  558
  576  649  678  757  865 1027 1032 1061 1073 1099 1296 1471 1479 1500
 1523 1580 1591 1618 1695 1716 1793 1796 1870 1922 2098 2149 2330 2490
 2764 2781 2783 2801 2805 2808 2835 2856 2924 2977 2982 3034 3051 3097
 3196 3355 3379 3520 3550 3609 3638 3670 3725 3746 3774 3782 3845 3847
 3897 4105 4188 4232 4301 4464 4615 4672 4753 4779",0.0
74,75.0,xgb,500.0,1.0,1.0,75.0,0.9487977613645506,"  14   58   67   76  180  269  278  288  364  424  445  487  493  558
  576  649  678  757  865 1027 1032 1061 1099 1296 1471 1500 1523 1591
 1618 1695 1793 1796 1870 1922 2098 2149 2330 2490 2764 2781 2783 2801
 2805 2808 2835 2856 2924 2977 2982 3034 3051 3097 3196 3355 3379 3520
 3550 3609 3638 3670 3725 3746 3774 3782 3845 3847 3897 4105 4188 4232
 4301 4464 4672 4753 4779",1.0
75,75.0,xgb,500.0,1.0,1.0,75.0,0.9487983763221619,"  14   58   67   76  180  269  278  288  364  424  445  487  493  558
  576  649  678  757  865 1027 1032 1061 1099 1296 1471 1500 1523 1591
 1618 1695 1793 1796 1870 1922 2098 2149 2330 2490 2764 2781 2783 2801
 2805 2808 2835 2856 2924 2977 2982 3034 3051 3097 3196 3355 3379 3520
 3550 3609 3638 3670 3725 3746 3774 3782 3845 3847 3897 4105 4188 4232
 4301 4464 4672 4753 4779",0.0
76,70.0,xgb,500.0,1.0,1.0,70.0,0.9492260600447082,"  14   58   67   76  180  269  278  288  364  424  487  493  558  576
  649  678  757  865 1032 1061 1296 1471 1500 1523 1591 1618 1695 1793
 1796 1870 1922 2098 2149 2330 2490 2764 2781 2783 2801 2805 2808 2835
 2856 2924 2977 2982 3034 3051 3097 3196 3355 3379 3520 3550 3609 3638
 3670 3725 3746 3774 3782 3845 3897 4105 4188 4232 4301 4672 4753 4779",1.0
77,70.0,xgb,500.0,1.0,1.0,70.0,0.9503208414957964,"  14   58   67   76  180  269  278  288  364  424  487  493  558  576
  649  678  757  865 1032 1061 1296 1471 1500 1523 1591 1618 1695 1793
 1796 1870 1922 2098 2149 2330 2490 2764 2781 2783 2801 2805 2808 2835
 2856 2924 2977 2982 3034 3051 3097 3196 3355 3379 3520 3550 3609 3638
 3670 3725 3746 3774 3782 3845 3897 4105 4188 4232 4301 4672 4753 4779",0.0
78,65.0,xgb,500.0,1.0,1.0,65.0,0.9433090291000541,"  14   58   67  180  269  278  288  364  424  487  493  558  649  678
  757  865 1032 1061 1296 1500 1523 1591 1618 1695 1793 1796 1870 1922
 2098 2149 2330 2764 2781 2783 2801 2805 2808 2835 2856 2924 2977 2982
 3034 3051 3097 3196 3355 3379 3520 3550 3609 3638 3670 3725 3746 3774
 3782 3845 4105 4188 4232 4301 4672 4753 4779",1.0
79,65.0,xgb,500.0,1.0,1.0,65.0,0.9436211305701242,"  14   58   67  180  269  278  288  364  424  487  493  558  649  678
  757  865 1032 1061 1296 1500 1523 1591 1618 1695 1793 1796 1870 1922
 2098 2149 2330 2764 2781 2783 2801 2805 2808 2835 2856 2924 2977 2982
 3034 3051 3097 3196 3355 3379 3520 3550 3609 3638 3670 3725 3746 3774
 3782 3845 4105 4188 4232 4301 4672 4753 4779",0.0
80,60.0,xgb,500.0,1.0,1.0,60.0,0.943614834691162,"  14   58   67  180  269  278  288  364  424  487  493  558  649  678
  757 1032 1500 1523 1591 1618 1695 1793 1796 1870 1922 2098 2149 2330
 2764 2781 2783 2801 2808 2835 2856 2924 2977 2982 3034 3051 3097 3196
 3355 3379 3520 3550 3609 3638 3670 3725 3746 3774 3845 4105 4188 4232
 4301 4672 4753 4779",1.0
81,60.0,xgb,500.0,1.0,1.0,60.0,0.9417976038801477,"  14   58   67  180  269  278  288  364  424  487  493  558  649  678
  757 1032 1500 1523 1591 1618 1695 1793 1796 1870 1922 2098 2149 2330
 2764 2781 2783 2801 2808 2835 2856 2924 2977 2982 3034 3051 3097 3196
 3355 3379 3520 3550 3609 3638 3670 3725 3746 3774 3845 4105 4188 4232
 4301 4672 4753 4779",0.0
82,55.0,xgb,500.0,1.0,1.0,55.0,0.9413944384867815,"  14   58   67  180  269  278  364  487  493  558  649  678  757 1032
 1500 1523 1591 1618 1695 1793 1796 1870 2098 2149 2764 2781 2783 2801
 2808 2835 2856 2924 2977 2982 3034 3051 3097 3196 3355 3379 3520 3550
 3609 3670 3725 3746 3774 3845 4105 4188 4232 4301 4672 4753 4779",1.0
83,55.0,xgb,500.0,1.0,1.0,55.0,0.941809199368152,"  14   58   67  180  269  278  364  487  493  558  649  678  757 1032
 1500 1523 1591 1618 1695 1793 1796 1870 2098 2149 2764 2781 2783 2801
 2808 2835 2856 2924 2977 2982 3034 3051 3097 3196 3355 3379 3520 3550
 3609 3670 3725 3746 3774 3845 4105 4188 4232 4301 4672 4753 4779",0.0
84,50.0,xgb,500.0,1.0,1.0,50.0,0.9333481872526581,"  14   58   67  180  269  278  364  487  493  558  678  757 1032 1500
 1523 1591 1618 1695 1793 1796 1870 2098 2149 2764 2781 2801 2808 2835
 2856 2924 2977 3034 3051 3097 3196 3355 3379 3520 3550 3609 3670 3725
 3746 3774 3845 4232 4301 4672 4753 4779",1.0
85,50.0,xgb,500.0,1.0,1.0,50.0,0.9326239081916018,"  14   58   67  180  269  278  364  487  493  558  678  757 1032 1500
 1523 1591 1618 1695 1793 1796 1870 2098 2149 2764 2781 2801 2808 2835
 2856 2924 2977 3034 3051 3097 3196 3355 3379 3520 3550 3609 3670 3725
 3746 3774 3845 4232 4301 4672 4753 4779",0.0
